whitespaces,,,no whitespaces,,,w o bez peretuny,,,w o z penetunom,,,w bez peretuny,,,w z peretunom,
 ,0.1644411747153852 ,,о,0.11398527545299994 ,,то,0.016775867479077 ,,то,0.016575672387812424 ,,о ,0.02229179099367033 ,,о ,0.022542238570883513 
о,0.09524140285725187 ,,е,0.08324708108335949 ,,ст,0.012741135532336398 ,,ст,0.012724758600744892 ,,и ,0.01776612500856022 ,,и ,0.017721122709529726 
е,0.06955783327838493 ,,а,0.07855433423410343 ,,но,0.01184895162536706 ,,но,0.012026934150428003 ,,е ,0.017102830253284677 ,,е ,0.017039240048132894 
а,0.06563676723366246 ,,н,0.06520670098023146 ,,на,0.011394663756726505 ,,на,0.011212025060796198 ,,а ,0.016821076728919845 ,,а ,0.01682890321570776 
н,0.05448403447172733 ,,т,0.06299614557818668 ,,не,0.011125369401604525 ,,он,0.011094940421481285 ,, с,0.016091256835947053 ,, п,0.016125497715644168 
т,0.052636985396768254 ,,и,0.06190491801743154 ,,он,0.011120686021515449 ,,по,0.011050448258541618 ,, п,0.016069733997280296 ,, с,0.01567645303618772 
и,0.051725200577985485 ,,л,0.05400756834222395 ,,ал,0.011045751940090201 ,,не,0.011005956095601949 ,, н,0.015596231546611621 ,, н,0.01563634229139967 
л,0.045126500360507193 ,,с,0.05026203511598391 ,,по,0.010945059268175027 ,,ал,0.01096497647184173 ,, в,0.014263772170969604 ,, в,0.014256923995030181 
с,0.041996887017925574 ,,р,0.044568215772687464 ,,ко,0.010429887458376459 ,,ко,0.010219147319405725 ,,то,0.01360439065908802 ,,то,0.013444925990784312 
р,0.03723936601605798 ,,в,0.04124769928953124 ,,ло,0.009814022976662716 ,,от,0.009700462367240655 ,, о,0.011841474510110842 ,, о,0.011725055519140652 
в,0.03446487916405377 ,,к,0.03743191536195503 ,,от,0.009591562422431517 ,,ло,0.009581036035139443 ,,ь ,0.010687067708893824 ,,ь ,0.010590214934893413 
к,0.03127656722798827 ,,д,0.03412779070911058 ,,го,0.009123224413523728 ,,ос,0.009144310330494811 ,,ст,0.01055401743349932 ,,ст,0.01038868290010468 
д,0.028515776714463627 ,,у,0.03055671339118869 ,,ен,0.009090440752900183 ,,ов,0.009099818167555144 ,,я ,0.010013989845133393 ,,я ,0.009893657610769246 
у,0.025531931545700277 ,,м,0.03009305876236998 ,,ос,0.009085757372811105 ,,ка,0.00903776330871824 ,,но,0.00987898294804191 ,,но,0.00974299774010194 
м,0.025144520828706742 ,,п,0.02737552746568253 ,,ка,0.009015506671474938 ,,ен,0.009027225691179898 ,, т,0.009556140368040542 ,, т,0.009667667804768286 
п,0.022873863570772406 ,,ь,0.020185368183925703 ,,ро,0.008994431461074086 ,,ро,0.008886724124002 ,, к,0.00936243482003972 ,, к,0.00939178414549439 
ь,0.0168660625276984 ,,я,0.019507448916031678 ,,ов,0.00898974808098501 ,,го,0.008852769578600674 ,,на,0.009268516978584775 ,,на,0.009345803535615406 
я,0.016299621100579063 ,,ы,0.019471152720341323 ,,ре,0.008736845556174802 ,,ел,0.008786031334191173 ,,по,0.009225471301251259 ,,по,0.009228406233796727 
ы,0.01626929349394573 ,,г,0.017813236168807752 ,,ел,0.008643177954393245 ,,ол,0.008701730393884435 ,,ал,0.00904937534852324 ,,не,0.009104160756038624 
г,0.014884006687726417 ,,з,0.017403440411013438 ,,ли,0.008530776832255376 ,,ре,0.008576449829817477 ,,не,0.008984806832522965 ,,ал,0.008895780545310468 
з,0.014541598225737182 ,,б,0.01717395478664862 ,,ол,0.00849565148158729 ,,ни,0.008405506256417701 ,, и,0.008611092088400168 ,, и,0.00862967999452146 
б,0.014349849487023208 ,,ч,0.015605022456807527 ,,ни,0.008404325569850272 ,,ли,0.008261492150060357 ,,л ,0.008149329367913362 ,,л ,0.008193353356095365 
ч,0.01303891423255013 ,,ж,0.010950913493286375 ,,ер,0.008275532617400631 ,,ер,0.008250954532522016 ,,ко,0.007961493685003472 ,,ко,0.00812095835330718 
ж,0.0091501324142438 ,,й,0.010921642367729637 ,,ра,0.007875103619784472 ,,ла,0.007824766445415727 ,,ка,0.007634737861608148 ,,ка,0.0074811430583953745 
й,0.009125674666958855 ,,ш,0.008332904023491834 ,,ет,0.007725235456933978 ,,ра,0.007821253906236279 ,,ро,0.0074175528532435895 ,, д,0.007365702378273673 
ш,0.006962631497078277 ,,х,0.008171327410418648 ,,ла,0.007678401656043199 ,,ет,0.0078001786711595945 ,, д,0.007384290284394963 ,,ро,0.007349071093849359 
х,0.006827624732065379 ,,ю,0.005607176811648503 ,,та,0.007488724762435545 ,,та,0.007297885568498612 ,,ло,0.007362767445728205 ,,ло,0.007343201228758426 
ю,0.004685126069904155 ,,э,0.005267631755190356 ,,во,0.007092979144908463 ,,во,0.007015711587749668 ,,го,0.00733928798536447 ,,го,0.007332439809425047 
э,0.004401416201398787 ,,щ,0.003950431105137199 ,,ом,0.006882227040899958 ,,ом,0.006934923186622377 ,,ре,0.007137755950575736 ,,й ,0.007175910073666807 
щ,0.0033008175735762414 ,,ц,0.003051222128034245 ,,ак,0.006863493520543646 ,,ак,0.006819009393700612 ,,м ,0.00713384270718178 ,,он,0.007175910073666807 
ц,0.002549475576982716 ,,ф,0.0010221477044412494 ,,ть,0.006779192678940245 ,,ть,0.00675461284207741 ,,ел,0.007088840408151286 ,,ре,0.007145582437363648 
ф,0.0008540645351902959 ,,,,,пр,0.0067019169074704595 ,,пр,0.006720658296676084 ,,он,0.0070438381091207924 ,,ел,0.007099601827484665 
,,,,,,ор,0.00659185747537713 ,,за,0.006615282121292661 ,,й ,0.0069655732412416725 ,,м ,0.007092753651545242 
,,,,,,за,0.006533315224263656 ,,ор,0.006609427889326915 ,, б,0.006963616619544694 ,, б,0.007001770742635765 
,,,,,,од,0.00643496424239302 ,,од,0.006560252340814652 ,,ол,0.006908831212029311 ,,ол,0.006933288983241535 
,,,,,,ес,0.0063014879098543 ,,ес,0.006344816604475209 ,,ни,0.006818826613968322 ,,ни,0.00677186769324085 
,,,,,,ан,0.006214845378206359 ,,ан,0.006269882435313664 ,,ра,0.006578162145240029 ,,ра,0.0065184851834822 
,,,,,,ве,0.0060602938352667885 ,,ве,0.006088401244375547 ,,от,0.006519463494330689 ,,от,0.0065155502509367325 
,,,,,,ил,0.005849541731258284 ,,ил,0.006043909081435879 ,,ли,0.006513593629239755 ,,ли,0.006514571940088244 
,,,,,,ва,0.005755874129476726 ,,ат,0.005853061119352569 ,,ла,0.006464678086815305 ,,у ,0.006468591330209261 
,,,,,,ас,0.005739482299164953 ,,ас,0.005835498423455331 ,,у ,0.006413805922693877 ,,ла,0.006463699775966816 
,,,,,,ин,0.0056949901883187135 ,,ин,0.005761735100686936 ,,к ,0.006343367541602669 ,,ер,0.006338475987360224 
,,,,,,ат,0.005676256667962402 ,,ог,0.005704363627422627 ,,ер,0.006302278485966131 ,,к ,0.006320866392087422 
,,,,,,ог,0.005666889907784246 ,,ва,0.005620062687115889 ,,ен,0.006089006720995529 ,, м,0.006143792128510913 
,,,,,,де,0.005659864837650629 ,,де,0.005545128517954344 ,, м,0.0060361779351771234 ,,ен,0.006041069489419568 
,,,,,,те,0.005465504563953897 ,,те,0.0054854153519037375 ,,та,0.005952043202207069 ,,та,0.006018568339904321 
,,,,,,ок,0.005357786821905105 ,,ок,0.005369501558981972 ,, ч,0.005885518064509817 ,, ч,0.005780838803721495 
,,,,,,об,0.005268802600212626 ,,тр,0.005320326010469709 ,,т ,0.00571724859856971 ,,т ,0.0057123570443272645 
,,,,,,да,0.005240702319678158 ,,об,0.0052746630011368915 ,,пр,0.005617460892023832 ,,ть,0.005643875284933034 
,,,,,,ся,0.005228993869455464 ,,да,0.005234854223769821 ,,ов,0.005545065889235646 ,,пр,0.005611591026932898 
,,,,,,ле,0.005214943729188229 ,,ся,0.0052137789886931366 ,,ть,0.0055294129156598214 ,,во,0.00556071886281147 
,,,,,,мо,0.0051142510572730554 ,,ле,0.005202070524761645 ,,во,0.005513759942083998 ,,ов,0.005526477983114355 
,,,,,,тр,0.005107225987139438 ,,мо,0.005061568957583747 ,,за,0.005484410616629328 ,,за,0.005506911766144575 
,,,,,,ль,0.005032291905714192 ,,ис,0.005035810336934466 ,,ет,0.005460931156265592 ,,в ,0.005502998522750619 
,,,,,,ем,0.004978433034689796 ,,ль,0.00499014732760165 ,,в ,0.005427668587416966 ,,ет,0.005484410616629328 
,,,,,,аз,0.004945649374066251 ,,ем,0.0049760971708838605 ,,ос,0.00539440601856834 ,,ос,0.005461909467114081 
,,,,,,ис,0.004912865713442706 ,,аз,0.004850816606816902 ,, р,0.00508134654705186 ,, р,0.005002103368324251 
,,,,,,ав,0.004734897270057746 ,,ит,0.004823887139774471 ,,ве,0.004983515462202961 ,,ом,0.0049580793801422465 
,,,,,,же,0.004702113609434201 ,,ав,0.004806324443877234 ,,ор,0.0049580793801422465 ,,ве,0.004939491474020955 
,,,,,,ри,0.004674013328899733 ,,ри,0.004700948268493811 ,,ом,0.004930686676384554 ,,ор,0.004916990324505708 
,,,,,,ит,0.0046669882587661166 ,,же,0.004659968644733592 ,, у,0.004883727755657082 ,,ил,0.004860248295293346 
,,,,,,ег,0.004578004037073637 ,,ег,0.004631868331298012 ,,ил,0.004881771133960104 ,, у,0.004780026805717249 
,,,,,,бы,0.004540536996361014 ,,бы,0.004585034475572046 ,, з,0.004695892072747195 ,, з,0.004736981128383733 
,,,,,,ой,0.004430477564267683 ,,ой,0.004378965510377797 ,,ва,0.004668499368989503 ,,ак,0.0046616511930500796 
,,,,,,ди,0.004362568552976054 ,,ну,0.004375452971198349 ,,ак,0.004633280178443899 ,,ва,0.004643063286928789 
,,,,,,ну,0.004355543482842437 ,,ди,0.004312227265968296 ,,од,0.004623497069959009 ,,ы ,0.004623497069959009 
,,,,,,ив,0.0043204181321743525 ,,ив,0.004264222563849181 ,,де,0.0046058874746862065 ,,де,0.004597082677049806 
,,,,,,ме,0.004222067150303717 ,,ме,0.0042185595545163644 ,,ы ,0.0045354490935949985 ,,од,0.00452468767426162 
,,,,,,че,0.004163524899190244 ,,че,0.004097962376022003 ,,те,0.004402398818200495 ,,те,0.004392615709715605 
,,,,,,ти,0.0041377663087003155 ,,чт,0.004062836984227528 ,,ог,0.004341743545594177 ,,ог,0.004352504964927556 
,,,,,,чт,0.0040253651865624455 ,,ам,0.004045274288330291 ,,н ,0.004339786923897199 ,,да,0.004349570032382089 
,,,,,,ам,0.0039925815259389 ,,ти,0.004013661435715264 ,,да,0.004339786923897199 ,,ся,0.0043300038154123095 
,,,,,,оп,0.003945747725048122 ,,оп,0.004012490589322115 ,,ся,0.004337830302200221 ,,тр,0.004257608812624123 
,,,,,,до,0.003889547163979187 ,,до,0.003924677109835929 ,, е,0.004312394220139507 ,,н ,0.004244890771593767 
,,,,,,сь,0.0038591051934001807 ,,ны,0.0038450595551017875 ,,тр,0.004198910161714783 ,, е,0.004241955839048299 
,,,,,,ны,0.0038239798427320967 ,,ск,0.0038040799313415674 ,, э,0.004167604214563136 ,,ль,0.004169560836260113 
,,,,,,ск,0.003807588012420324 ,,сь,0.0037888589282306286 ,,ль,0.004159777727775224 ,, э,0.004142168132502421 
,,,,,,ки,0.003800562942286707 ,,се,0.0036975329095649953 ,,же,0.003934766232622754 ,,ат,0.003920091569895419 
,,,,,,ми,0.003727970550906 ,,ки,0.003686995292026653 ,,ле,0.00391911325904693 ,,ле,0.0039044385963195945 
,,,,,,се,0.0037045536504606105 ,,ма,0.0036729451353088634 ,,ат,0.0039152000156529735 ,,же,0.0038858506901983036 
,,,,,,вс,0.003599177598456358 ,,ми,0.0036331363579417924 ,,бы,0.0038917205552892378 ,,ри,0.0038340002152283865 
,,,,,,нн,0.003587469148233663 ,,ев,0.003629623818762345 ,,ри,0.0038604146081375897 ,,бы,0.00383106528268292 
,,,,,,ев,0.0035851274581891242 ,,нн,0.0035769357310706336 ,, г,0.0037978027138342936 ,,мо,0.003678448790318636 
,,,,,,ма,0.0035359519672538064 ,,вс,0.0035582021887802474 ,,ой,0.003735190819530998 ,, г,0.003669643992682235 
,,,,,,ви,0.0035219018269865726 ,,ед,0.0035488354176350543 ,,мо,0.003725407711046108 ,,ой,0.003658882573348856 
,,,,,,ед,0.003510193376763878 ,,им,0.0035125391794474307 ,,аз,0.003590400813954626 ,,ес,0.0036490994648639657 
,,,,,,им,0.003479751406184872 ,,ви,0.003497318176336492 ,,ес,0.00353757202813622 ,,аз,0.003570834596984846 
,,,,,,ик,0.0033603252139133856 ,,ик,0.0033954545401325164 ,,ан,0.003519962432863418 ,,ан,0.003536593717287731 
,,,,,,ру,0.003304124652844451 ,,оч,0.003334570527688761 ,,ег,0.00350822270268155 ,,ди,0.003496482972499682 
,,,,,,оч,0.003297099582710834 ,,еп,0.003295932596714839 ,,че,0.003473003512135946 ,,ем,0.003479851688075369 
,,,,,,лс,0.003292416202621756 ,,лс,0.003278369900817602 ,,ди,0.003441697564984298 ,,ег,0.003460285471105589 
,,,,,,ад,0.0032877328225326785 ,,сл,0.003277199054424453 ,,ну,0.003428001213105452 ,,че,0.003421153037166029 
,,,,,,еп,0.0032549491619091333 ,,ар,0.0032514404337751716 ,,ме,0.003428001213105452 ,,ну,0.0034162614829235842 
,,,,,,ап,0.003219823811241049 ,,ру,0.0032010940388697584 ,,ем,0.003392782022559848 ,,чт,0.0033908254008628703 
,,,,,,ар,0.003208115361018354 ,,ад,0.0031694811862547317 ,,чт,0.0033477797235293544 ,,ас,0.003389847090014381 
,,,,,,сл,0.0031987486008401983 ,,ап,0.003085180245947993 ,,ок,0.0033243002631656183 ,,ме,0.003388868779165892 
,,,,,,из,0.0030301469176333942 ,,из,0.0030535673933329665 ,,ас,0.0032988641811049044 ,,ок,0.0032646233014077893 
,,,,,,эт,0.0029833131167426156 ,,эт,0.0029879999953166146 ,,ны,0.0032362522868016083 ,,ны,0.003212772826437872 
,,,,,,со,0.0029036956552282913 ,,ое,0.002902528208616727 ,,сь,0.0031873367443771583 ,,до,0.0031677705274073785 
,,,,,,тв,0.0028943288950501354 ,,тв,0.0028908197446852356 ,,ин,0.0031540741755285324 ,,сь,0.0031658139057104003 
,,,,,,ек,0.00288496213487198 ,,ек,0.0028896488982920864 ,,до,0.0031423344453466646 ,,об,0.0031208116066799066 
,,,,,,ое,0.002877937064738363 ,,со,0.0028521818137113137 ,,ск,0.0030718960642554566 ,,ин,0.0030855924161343026 
,,,,,,ул,0.002838128333981201 ,,ул,0.002798322879626453 ,,ти,0.0030679828208615006 ,,ит,0.0030552647798311435 
,,,,,,вы,0.002779586082867727 ,,ыл,0.0027831018765155143 ,,ит,0.0030503732255886986 ,,ти,0.0030308070086189185 
,,,,,,ыл,0.0027678776326450325 ,,ож,0.0027760767981566195 ,,об,0.0030484166038917205 ,,се,0.0030298286977704296 
,,,,,,хо,0.0026952852412643253 ,,вы,0.002739780559968996 ,,ма,0.0030386334954068304 ,,ск,0.0030014576831642486 
,,,,,,ож,0.0026882601711307086 ,,ид,0.002732755481610101 ,,се,0.0030308070086189185 ,,ма,0.0029779782228005125 
,,,,,,му,0.0026461097503290075 ,,ьн,0.002690605011456732 ,,х ,0.0028429713257090306 ,,х ,0.002907539841709305 
,,,,,,ип,0.002634401300106313 ,,хо,0.0026683589299868983 ,,ви,0.002766663079526889 ,,ви,0.002767641390375378 
,,,,,,ьн,0.002615667779750001 ,,ип,0.002626208459833529 ,,ав,0.002694268076738703 ,,ам,0.002731443888981285 
,,,,,,еб,0.0025735173589483003 ,,му,0.0026226959206540816 ,,сл,0.002682528346556835 ,,ки,0.002717747537102439 
,,,,,,ид,0.0025618089087256052 ,,ку,0.0025969373000048006 ,,ки,0.002623829695647495 ,,сл,0.002703072874375104 
,,,,,,ку,0.0025571255286365277 ,,еб,0.002577032911321265 ,,ам,0.002621873073950517 ,,ав,0.002682528346556835 
,,,,,,дн,0.0025220001779684433 ,,ие,0.002541907519526791 ,,ру,0.002617959830556561 ,,ру,0.00264828746685972 
,,,,,,ие,0.0025220001779684433 ,,пе,0.002504440434946018 ,,ми,0.0025846972617079352 ,,ми,0.0025876321942534023 
,,,,,,пе,0.002496241587478515 ,,дн,0.002470485889544693 ,,ис,0.002533825097586507 ,,ю ,0.002571000909829089 
,,,,,,ут,0.0024189658160087297 ,,кр,0.0024693150431515437 ,,ю ,0.0025279552324955733 ,,нн,0.002562196112192688 
,,,,,,ей,0.002416624125964191 ,,уд,0.0024201394946392796 ,,эт,0.0025279552324955733 ,,эт,0.0024966492853439252 
,,,,,,бо,0.002402573985696957 ,,ез,0.0023756473316996125 ,,нн,0.0024966492853439252 ,,ис,0.0024917577311014804 
,,,,,,кр,0.002397890605607879 ,,бо,0.0023744764853064633 ,,с ,0.002394904957101069 ,,с ,0.0024721915141317 
,,,,,,сп,0.0023487151146725613 ,,бе,0.0023686222533407177 ,,им,0.0023909917137071132 ,,вс,0.00238414353776769 
,,,,,,уд,0.002339348354494406 ,,ая,0.002348717864657182 ,,вс,0.0023342496844947513 ,,им,0.0023724038075858224 
,,,,,,ез,0.00232998159431625 ,,ут,0.002321788397614752 ,,ул,0.0022872907637672794 ,, л,0.0023195750217674164 
,,,,,,бе,0.002327639904271711 ,,оз,0.002314763319255857 ,,ар,0.0022677245467974992 ,,вы,0.002289247385464257 
,,,,,,ты,0.0023182731440935553 ,,ей,0.00231007993368326 ,, л,0.0022540281949186536 ,,ыл,0.0022794642769793675 
,,,,,,ая,0.0022995396237372435 ,,сп,0.0022972006233586196 ,,со,0.0022403318430398076 ,,ул,0.0022775076552823893 
,,,,,,ше,0.002280806103380932 ,,ты,0.0022609043851709964 ,,вы,0.0022383752213428294 ,,ар,0.0022501149515246972 
,,,,,,оз,0.0022597308929800815 ,,ьс,0.002251537614025803 ,,ыл,0.0022188090043730496 ,,со,0.0022422884647367853 
,,,,,,ьс,0.00224099737262377 ,,ус,0.0022468542284532064 ,,ед,0.0021796765704334897 ,,ед,0.0022021777199487365 
,,,,,,ят,0.0022222638522674584 ,,ят,0.0022398291500943116 ,,пе,0.002119021297827172 ,,пе,0.002090650283220991 
,,,,,,оо,0.0022152387821338416 ,,ше,0.002236316610914864 ,,ож,0.0020759756204936555 ,,из,0.0020769539313421448 
,,,,,,ду,0.0022058720219556857 ,,па,0.0022281206861628202 ,,из,0.0020583660252208535 ,,ож,0.0020759756204936555 
,,,,,,мн,0.0021965052617775303 ,,оо,0.0022128996830518815 ,,му,0.0020466262950389856 ,,хо,0.0020251034563722277 
,,,,,,ус,0.0021965052617775303 ,,мн,0.0021906536015820475 ,,хо,0.002027060078069206 ,,му,0.001991840887523602 
,,,,,,па,0.002161379911109446 ,,ян,0.0021730909056848105 ,,бо,0.0019937975092205796 ,,бе,0.001977166224796267 
,,,,,,ян,0.0021426463907531345 ,,чи,0.002139136360283485 ,,тв,0.0019820577790387118 ,,бо,0.001967383116311377 
,,,,,,ча,0.002072395689416966 ,,ду,0.0021075235076684585 ,,ей,0.001978144535644756 ,,ку,0.0019536867644325308 
,,,,,,чи,0.002072395689416966 ,,ча,0.0020606896519424927 ,,ик,0.0019409687234021738 ,,тв,0.0019370554800082179 
,,,,,,ее,0.0020560038591051935 ,,ум,0.002036101877686361 ,,ку,0.0019370554800082179 ,,ей,0.0019302073040687949 
,,,,,,ае,0.001988094847813564 ,,ьк,0.00202322256736172 ,,ад,0.0019311856149172837 ,,ад,0.001917489263038438 
,,,,,,ый,0.001983411467724486 ,,зн,0.002013855796216527 ,,лс,0.0019037929111595919 ,,оч,0.0018989013569171468 
,,,,,,зн,0.0019740447075463304 ,,ее,0.002005659871464483 ,,бе,0.0019018362894626139 ,,ик,0.001889118248432257 
,,,,,,ьк,0.0019623362573236358 ,,ае,0.001979901250815202 ,,ты,0.001882270072492834 ,,ты,0.001889118248432257 
,,,,,,гл,0.0019553111871900186 ,,тс,0.001978730404422053 ,,дн,0.001882270072492834 ,,лс,0.0018842266941898119 
,,,,,,тс,0.0019389193568782462 ,,гл,0.0019728761724563068 ,,па,0.001878356829098878 ,,кр,0.0018744435857049218 
,,,,,,ум,0.0019295525967000903 ,,ый,0.0019436050126275784 ,,оч,0.0018509641253411859 ,,ое,0.0018705303423109658 
,,,,,,ту,0.0019225275265664736 ,,ще,0.0019073087744399548 ,,кр,0.0018353111517653618 ,,ше,0.001867595409765499 
,,,,,,си,0.0019131607663883177 ,,ои,0.0019037962352605074 ,,ое,0.001819658178189538 ,,па,0.001858790612129098 
,,,,,,ля,0.0019108190763437788 ,,ля,0.0019014545424742091 ,,д ,0.0018157449347955819 ,,ив,0.001843137638553274 
,,,,,,вн,0.0018967689360765451 ,,их,0.0019014545424742091 ,,ив,0.001802048582916736 ,,дн,0.001819658178189538 
,,,,,,ио,0.0018944272460320061 ,,ио,0.0018979420032947617 ,,ше,0.001802048582916736 ,,д ,0.001790308852734868 
,,,,,,их,0.0018897438659429284 ,,ту,0.001883891846576972 ,,уд,0.001766829392371132 ,,чи,0.001778569122553 
,,,,,,ои,0.0018874021758983894 ,,си,0.0018475956083893485 ,,чи,0.00175900290558322 ,,ая,0.001761937838128687 
,,,,,,ще,0.0018405683750076106 ,,вн,0.0018417413764236028 ,,ие,0.001731610201825528 ,,з ,0.001747263175401352 
,,,,,,ры,0.0018312016148294547 ,,ры,0.0018089576774154268 ,,ча,0.00172965358012855 ,,уд,0.001745306553704374 
,,,,,,яс,0.0018288599247849157 ,,яс,0.0017960783670907862 ,,з ,0.001715957228249704 ,,ча,0.001720848782492149 
,,,,,,тн,0.0017796844338495979 ,,дд,0.0017761739784072509 ,,ая,0.0016905211461889901 ,,ду,0.0016885645244920121 
,,,,,,дд,0.0017679759836269032 ,,ым,0.0017492445113648206 ,, ж,0.0016885645244920121 ,, а,0.001682694659401078 
,,,,,,жи,0.0017539258433596696 ,,ук,0.0017457319721853732 ,,ый,0.001682694659401078 ,,сп,0.001671933240067699 
,,,,,,рн,0.001732850632958819 ,,тн,0.0017387068938264781 ,,ев,0.001663128442431298 ,, ж,0.0016689983075222322 
,,,,,,уж,0.0017258255628252023 ,,уж,0.0017316818154675833 ,,сп,0.0016513887122494302 ,,ие,0.0016650850641282762 
,,,,,,ым,0.0017000669723352738 ,,рн,0.0017141191195703463 ,, а,0.0016357357386736061 ,,гл,0.001643562225461518 
,,,,,,ео,0.001690700212157118 ,,ир,0.001704752348425153 ,,гл,0.0016181261434008041 ,,ый,0.001623996008491738 
,,,,,,эд,0.001690700212157118 ,,ув,0.0016895313453142143 ,,ду,0.0016161695217038262 ,,ще,0.0015936683721885791 
,,,,,,ук,0.0016766500718898845 ,,эд,0.00168133542056217 ,,зн,0.0015985599264310242 ,,ев,0.0015877985070976452 
,,,,,,аж,0.0016719666918008065 ,,гд,0.00168133542056217 ,,ек,0.0015946466830370682 ,,ек,0.0015809503311582222 
,,,,,,ув,0.0016602582415781119 ,,аж,0.0016789937277758718 ,,ля,0.0015672539792793761 ,, я,0.0015564925599459972 
,,,,,,ир,0.001650891481399956 ,,ео,0.0016590893390923366 ,,ут,0.0015418178972186622 ,,ут,0.0015506226948550632 
,,,,,,гд,0.0016344996510881833 ,,еч,0.0016579184926991874 ,,ще,0.0015281215453398162 ,,ля,0.0015349697212792392 
,,,,,,св,0.0016274745809545666 ,,св,0.0016438683359813976 ,, я,0.0014772493812183884 ,,зн,0.0015242083019458602 
,,,,,,ун,0.0016227912008654887 ,,жи,0.001638014104015652 ,,их,0.0014752927595214104 ,,ры,0.0015114902609155033 
,,,,,,аб,0.001606399370553716 ,,ун,0.0016321598720499062 ,,ры,0.0014733361378244324 ,,ид,0.0014713795161274542 
,,,,,,еч,0.0015876658501974045 ,,ня,0.0016192805617252655 ,,ид,0.0014615964076425644 ,,си,0.0014684445835819874 
,,,,,,нд,0.001564248949752015 ,,ии,0.0016005470194348792 ,,дд,0.0014615964076425644 ,, х,0.0014527916100061634 
,,,,,,ач,0.0015501988094847813 ,,нд,0.0015935219410759844 ,,си,0.0014400735689758064 ,,их,0.0014351820147333614 
,,,,,,ии,0.0015501988094847813 ,,аб,0.0015841551699307913 ,,ум,0.0014224639737030044 ,,ту,0.0014322470821878943 
,,,,,,иб,0.0015408320493066256 ,,ач,0.0015794717843581948 ,, х,0.0013950712699453125 ,,дд,0.0014224639737030044 
,,,,,,ня,0.0015408320493066256 ,,ао,0.0015607382420678084 ,,ту,0.0013813749180664665 ,,ум,0.0014068110001271804 
,,,,,,ич,0.0015384903592620867 ,,ыв,0.001542004699777422 ,,рн,0.0013598520793997085 ,,эд,0.0014048543784302024 
,,,,,,са,0.001524440218994853 ,,яв,0.0015396630069911238 ,,эд,0.0013598520793997085 ,,гд,0.0013627870119451754 
,,,,,,ши,0.001517415148861236 ,,ич,0.0015361504678116763 ,,ня,0.0013500689709148184 ,,уж,0.0013578954577027306 
,,,,,,яв,0.0015150734588166971 ,,лк,0.0015185877719144393 ,,еб,0.0013481123492178405 ,,ус,0.0013520255926117964 
,,,,,,сн,0.0015150734588166971 ,,сн,0.0015162460791281408 ,,гд,0.0013441991058238845 ,,жи,0.0013490906600663296 
,,,,,,дв,0.0015127317687721581 ,,ши,0.0015103918471623952 ,,оз,0.0013344159973389944 ,,рн,0.0013383292407329506 
,,,,,,лк,0.0015057066986385414 ,,дв,0.001509221000769246 ,,ез,0.0013226762671571266 ,,ез,0.0013285461322480605 
,,,,,,лу,0.0015010233185494635 ,,жа,0.0015033667688035004 ,,уж,0.0013148497803692144 ,,ня,0.0013236545780056154 
,,,,,,ые,0.0014986816285049245 ,,са,0.0014986833832309038 ,,ым,0.0013031100501873466 ,,ее,0.0013148497803692144 
,,,,,,уп,0.0014963399384603855 ,,лу,0.0014893166120857105 ,,ят,0.0012991968067933906 ,,еб,0.0013021317393388575 
,,,,,,бу,0.0014893148683267688 ,,иб,0.0014869749192994123 ,,оп,0.0012972401850964124 ,,ым,0.0012913703200054785 
,,,,,,ыв,0.0014752647280595352 ,,уп,0.00147643730176107 ,,ее,0.0012972401850964124 ,,оз,0.0012845221440660555 
,,,,,,лн,0.0014635562778368403 ,,др,0.0014740956089747718 ,,аж,0.0012894136983085005 ,,оп,0.0012766956572781436 
,,,,,,уг,0.0014565312077032236 ,,лн,0.0014682413770090261 ,,ус,0.0012874570766115226 ,,ят,0.0012757173464296545 
,,,,,,ьв,0.0014471644475250677 ,,ые,0.0014658996842227278 ,,ши,0.0012874570766115226 ,,аж,0.0012620209945508087 
,,,,,,жа,0.001433114307257834 ,,ьв,0.0014565329130775346 ,,жи,0.0012815872115205886 ,,ши,0.0012590860620053416 
,,,,,,ао,0.0014284309271687563 ,,уг,0.0014553620666843854 ,,мн,0.0012444113992780067 ,,жа,0.0012522378860659186 
,,,,,,др,0.0014214058570351394 ,,йс,0.0014331159852145516 ,,ьн,0.0012424547775810287 ,,мн,0.0012326716690961386 
,,,,,,см,0.0013722303660998216 ,,бу,0.0014143824429241655 ,,са,0.0012404981558840505 ,,са,0.0012326716690961386 
,,,,,,йс,0.001360521915877127 ,,бр,0.0013839404367022878 ,,вн,0.0012228885606112487 ,,св,0.0012189753172172925 
,,,,,,яд,0.001358180225832588 ,,рт,0.0013628652016256031 ,,жа,0.0012228885606112487 ,,ьн,0.0012179970063688037 
,,,,,,ия,0.001355838535788049 ,,яд,0.0013406191201557694 ,,др,0.0011935392351565786 ,,вн,0.0011847344375201776 
,,,,,,бр,0.001351155155698971 ,,ыт,0.001313689653113339 ,,ае,0.0011622332880049306 ,,др,0.0011837561266716888 
,,,,,,рт,0.001348813465654432 ,,см,0.001296126957216102 ,,бу,0.0011602766663079526 ,,бу,0.0011749513290352878 
,,,,,,ах,0.0013324216353426594 ,,еш,0.0012879310324640579 ,,св,0.0011485369361260848 ,,ае,0.0011739730181867987 
,,,,,,ыт,0.0013253965652090427 ,,уч,0.0012785642613188648 ,,ук,0.0011465803144291068 ,,бр,0.0011495152469745736 
,,,,,,ял,0.0012996379747191142 ,,ия,0.0012750517221394174 ,,уг,0.0011426670710351506 ,,тс,0.0011377755167927058 
,,,,,,уч,0.0012855878344518806 ,,ах,0.0012680266437805226 ,,лу,0.0011387538276411947 ,,нд,0.0011319056517017716 
,,,,,,ба,0.001269196004140108 ,,ыс,0.001264514104601075 ,,ьк,0.0011231008540653706 ,,дв,0.0011309273408532828 
,,,,,,жн,0.0012621709340064912 ,,ял,0.001264514104601075 ,,нд,0.0011152743672774587 ,,ьк,0.0011309273408532828 
,,,,,,еш,0.0012574875539174133 ,,ую,0.001256318179849031 ,,ые,0.0011094045021865248 ,,рт,0.0010947298394591897 
,,,,,,ую,0.0012528041738283353 ,,ий,0.0012457805623106888 ,,дв,0.0011054912587925687 ,,лу,0.0010859250418227887 
,,,,,,тк,0.001229387273382946 ,,га,0.0012188510952682585 ,,бр,0.0010957081503076788 ,,ук,0.0010829901092773218 
,,,,,,ий,0.001224703893293868 ,,ба,0.0012153385560888111 ,,тс,0.0010937515286107008 ,,уг,0.0010800551767318547 
,,,,,,ыс,0.0012200205132047901 ,,аг,0.0012012883993710213 ,,рт,0.0010917949069137228 ,,ые,0.0010692937573984758 
,,,,,,ош,0.0012153371331157122 ,,ош,0.0011977758601915739 ,,ий,0.0010898382852167448 ,,ую,0.0010448359861862508 
,,,,,,га,0.001187236852581245 ,,жн,0.00118957993543953 ,,ую,0.0010565757163681188 ,,р ,0.0010428793644892728 
,,,,,,щи,0.001182553472492167 ,,щи,0.001182554857080635 ,,еп,0.0009861373352769108 ,,ий,0.0010409227427922948 
,,,,,,аи,0.0011802117824476282 ,,аи,0.0011778714715080384 ,,жн,0.0009822240918829549 ,,сн,0.001015486660731581 
,,,,,,кн,0.0011731867123140113 ,,тк,0.0011778714715080384 ,,ба,0.0009763542267920208 ,,ба,0.001011573417337625 
,,,,,,пу,0.0011567948820022387 ,,уб,0.0011778714715080384 ,,пу,0.0009743976050950429 ,,га,0.0010037469305497128 
,,,,,,аг,0.0011521115019131607 ,,пу,0.0011614796220039505 ,,р ,0.0009743976050950429 ,,щи,0.0009861373352769108 
,,,,,,яп,0.001142744741735005 ,,яп,0.0011544545436450555 ,,сн,0.0009704843617010869 ,,еп,0.0009792891593374878 
,,,,,,чн,0.001135719671601388 ,,нь,0.0011439169261067133 ,,ьс,0.000948961523034329 ,,еш,0.0009734192942465539 
,,,,,,вп,0.0011286946014677714 ,,ьп,0.0011439169261067133 ,,см,0.0009470049013373509 ,,пу,0.0009695060508525979 
,,,,,,ьп,0.0011240112213786934 ,,кн,0.0011380626941409676 ,,ял,0.0009450482796403729 ,,см,0.00096754942915562 
,,,,,,аю,0.0011216695313341545 ,,аю,0.0011380626941409676 ,,тн,0.000939178414549439 ,,нь,0.0009558096989737519 
,,,,,,нь,0.0011216695313341545 ,,чн,0.0011064498415259407 ,,еш,0.000939178414549439 ,,жн,0.0009518964555797959 
,,,,,,оя,0.0011169861512450765 ,,ря,0.0010994247631670457 ,,ир,0.000939178414549439 ,,аю,0.000932330238610016 
,,,,,,ря,0.0011099610811114598 ,,зд,0.0010853746064492561 ,,га,0.0009372217928524609 ,,ял,0.000932330238610016 
,,,,,,тт,0.0011029360109778429 ,,вп,0.001084203760056107 ,,щи,0.0009333085494585049 ,,ьс,0.000930373616913038 
,,,,,,ьч,0.0010842024906215313 ,,еж,0.0010584451394068258 ,,ря,0.000929395306064549 ,,тн,0.0009254820626705929 
,,,,,,зд,0.0010842024906215313 ,,вр,0.001051420061047931 ,,ап,0.0009156989541857029 ,,ир,0.000922547130125126 
,,,,,,шь,0.0010795191105324536 ,,лы,0.0010502492146547819 ,,ах,0.000903959224003835 ,,ош,0.0009156989541857029 
,,,,,,зв,0.0010771774204879146 ,,зв,0.0010420532899027377 ,,чн,0.000900045980609879 ,,чн,0.000913742332488725 
,,,,,,лы,0.0010748357304433756 ,,шь,0.0010385407507232903 ,,ыв,0.0008980893589129009 ,,ах,0.000911785710791747 
,,,,,,ых,0.0010678106603097587 ,,оя,0.0010385407507232903 ,,лы,0.000894176115518945 ,,ря,0.0009078724673977909 
,,,,,,вр,0.0010678106603097587 ,,тт,0.0010385407507232903 ,,нь,0.000890262872124989 ,,ап,0.000891241182973478 
,,,,,,уб,0.0010490771399534473 ,,ых,0.0010338573651506938 ,,ыт,0.000882436385337077 ,,ия,0.000881458074488588 
,,,,,,мп,0.0010280019295525967 ,,пи,0.0010244905940055007 ,,аю,0.000882436385337077 ,,лы,0.000877544831094632 
,,,,,,кт,0.0010233185494635188 ,,еи,0.0010244905940055007 ,,шь,0.000876566520246143 ,,шь,0.000867761722609742 
,,,,,,ке,0.0010233185494635188 ,,мс,0.0010221489012192024 ,, ш,0.000868740033458231 ,,ув,0.000867761722609742 
,,,,,,еи,0.0010069267191517462 ,,ьч,0.0010127821300740091 ,,ош,0.000857000303276363 ,,ач,0.000864826790064275 
,,,,,,су,0.0010069267191517462 ,,кт,0.0010080987445014126 ,,ач,0.0008452605730944951 ,,ыв,0.0008628701683672971 
,,,,,,пи,0.0010069267191517462 ,,ещ,0.001003415358928816 ,,ув,0.0008433039513975171 ,,пи,0.0008540653707308961 
,,,,,,мс,0.0010022433390626682 ,,ке,0.0009893652022110264 ,,ия,0.0008354774646096051 ,,ич,0.0008442822622460061 
,,,,,,кл,0.0009975599589735905 ,,кл,0.000987023509424728 ,,ещ,0.0008354774646096051 ,,ыт,0.0008433039513975171 
,,,,,,вш,0.0009975599589735905 ,,кв,0.0009858526630315788 ,,мы,0.0008276509778216931 ,, ш,0.0008423256405490281 
,,,,,,еж,0.0009905348888399736 ,,су,0.0009835109702452805 ,,пи,0.0008100413825488911 ,,ещ,0.000828629288670182 
,,,,,,ша,0.0009905348888399736 ,,пл,0.0009823401238521314 ,,зд,0.0008100413825488911 ,,пл,0.00082080280188227 
,,,,,,мы,0.0009811681286618179 ,,ьо,0.0009671191207411926 ,,пл,0.0008080847608519131 ,,зд,0.0008188461801852921 
,,,,,,ьо,0.000971801368483662 ,,иг,0.0009671191207411926 ,,ых,0.000802214895760979 ,,ых,0.0008041715174579571 
,,,,,,пл,0.0009694596784391231 ,,иш,0.0009659482743480434 ,,ич,0.0007865619221851551 ,,г ,0.0007904751655791111 
,,,,,,иг,0.0009694596784391231 ,,мп,0.0009636065815617451 ,,г ,0.0007846053004881772 ,,еч,0.0007846053004881772 
,,,,,,иш,0.0009647762983500452 ,,вш,0.0009612648887754469 ,,ша,0.0007709089486093311 ,,мы,0.0007806920570942211 
,,,,,,ещ,0.0009624346083055063 ,,йк,0.0009507272712371046 ,,лю,0.0007630824618214191 ,,уч,0.0007709089486093311 
,,,,,,ох,0.0009600929182609673 ,,кс,0.0009507272712371046 ,,уб,0.0007532993533365291 ,,уб,0.0007621041509729301 
,,,,,,йн,0.0009554095381718894 ,,йн,0.0009437021928782098 ,,би,0.0007493861099425732 ,,иц,0.0007523210424880401 
,,,,,,кв,0.0009530678481273505 ,,нс,0.0009390188073056131 ,,чу,0.0007493861099425732 ,,чу,0.0007523210424880401 
,,,,,,нс,0.0009507261580828115 ,,ох,0.0009343354217330166 ,,иш,0.0007474294882455952 ,,вш,0.0007503644207910622 
,,,,,,чу,0.0009390177078601168 ,,мы,0.0009343354217330166 ,,вш,0.0007454728665486171 ,,лю,0.0007474294882455952 
,,,,,,кс,0.0009343343277710389 ,,гр,0.0009249686505878234 ,,еч,0.0007415596231546612 ,,ша,0.0007454728665486171 
,,,,,,йк,0.0009343343277710389 ,,иц,0.0009156018794426303 ,,уч,0.0007376463797607052 ,,дж,0.0007415596231546612 
,,,,,,дж,0.0009273092576374221 ,,ур,0.0009109184938700337 ,,ке,0.0007317765146697712 ,,гр,0.0007415596231546612 
,,,,,,гр,0.0009273092576374221 ,,чу,0.0009062351082974371 ,,зв,0.0007298198929727932 ,,кл,0.0007376463797607052 
,,,,,,иц,0.0009226258775483442 ,,як,0.0009015517227248406 ,,лк,0.0007239500278818592 ,,зв,0.0007366680689122162 
,,,,,,ье,0.0009179424974592663 ,,лю,0.0008980391835453931 ,,кл,0.0007239500278818592 ,,лк,0.0007356897580637271 
,,,,,,аш,0.0009109174273256495 ,,дж,0.0008956974907590948 ,,дж,0.0007161235410939471 ,,су,0.0007239500278818592 
,,,,,,ву,0.0008945255970138769 ,,ье,0.0008956974907590948 ,,уп,0.0007122102976999912 ,,иш,0.0007200367844879032 
,,,,,,як,0.0008898422169247989 ,,ша,0.0008945266443659457 ,,су,0.0007102536760030132 ,,рь,0.0007171018519424362 
,,,,,,би,0.0008898422169247989 ,,аш,0.0008875015660070509 ,,иц,0.0007102536760030132 ,,би,0.0007131886085484802 
,,,,,,рь,0.0008851588368357211 ,,нт,0.0008734514092892611 ,,аб,0.0007082970543060352 ,,ке,0.0007063404326090572 
,,,,,,лч,0.0008804754567466431 ,,сс,0.0008734514092892611 ,,еж,0.0007043838109120792 ,,еж,0.0006994922566696342 
,,,,,,тя,0.0008804754567466431 ,,вк,0.000872280562896112 ,,гр,0.0006985139458211453 ,,бл,0.0006985139458211453 
,,,,,,оу,0.0008734503866130263 ,,би,0.0008699388701098136 ,,рь,0.0006946007024271892 ,,вр,0.0006897091481847443 
,,,,,,вк,0.0008734503866130263 ,,ву,0.0008594012525714714 ,,бл,0.0006848175939422992 ,,це,0.0006828609722453212 
,,,,,,ур,0.0008711086965684875 ,,рь,0.0008582304061783223 ,,яд,0.0006848175939422992 ,,тк,0.0006760127963058982 
,,,,,,сс,0.0008664253164794095 ,,лв,0.0008558887133920239 ,,аг,0.0006750344854574092 ,,уп,0.0006760127963058982 
,,,,,,лю,0.0008617419363903317 ,,ьи,0.0008430094030673834 ,,це,0.0006711212420634533 ,,аб,0.0006681863095179862 
,,,,,,вл,0.0008430084160340201 ,,оу,0.000840667710281085 ,,вр,0.0006672079986694972 ,,яд,0.0006672079986694972 
,,,,,,ау,0.0008430084160340201 ,,бл,0.000840667710281085 ,,ян,0.0006515550250936733 ,,ои,0.0006662296878210082 
,,,,,,бл,0.0008383250359449422 ,,ау,0.0008359843247084885 ,,тк,0.0006476417816997172 ,,ян,0.0006632947552755413 
,,,,,,лв,0.0008336416558558643 ,,тя,0.0008266175535632953 ,,ои,0.0006476417816997172 ,,аг,0.0006427502274572723 
,,,,,,йп,0.0008219332056331696 ,,це,0.0008254467071701462 ,,аш,0.0006398152949118053 ,,ды,0.0006329671189723823 
,,,,,,нт,0.0008219332056331696 ,,вз,0.0008160799360249531 ,,ур,0.0006378586732148272 ,,аш,0.0006319888081238933 
,,,,,,ьи,0.0008219332056331696 ,,йп,0.0008102257040592073 ,,ца,0.0006319888081238933 ,,ву,0.0006310104972754043 
,,,,,,зо,0.000803199685276858 ,,лч,0.0008090548576660582 ,,тя,0.0006300321864269152 ,,оя,0.0006290538755784262 
,,,,,,яи,0.0007985163051877801 ,,ьт,0.0008020297793071634 ,,оя,0.0006261189430329593 ,,тя,0.0006261189430329593 
,,,,,,ьт,0.0007821244748760075 ,,зо,0.0007938338545551193 ,,ву,0.0006261189430329593 ,,ца,0.0006182924562450473 
,,,,,,жд,0.0007774410947869296 ,,ьм,0.0007926630081619702 ,,жд,0.0006222056996390033 ,,жд,0.0006182924562450473 
,,,,,,ех,0.0007727577146978517 ,,яи,0.0007809545442304788 ,,ды,0.0006163358345480693 ,,ыс,0.0006094876586086463 
,,,,,,вз,0.0007704160246533128 ,,вл,0.0007762711586578822 ,,сс,0.0005987262392752673 ,,яс,0.0006016611718207344 
,,,,,,кп,0.0007657326445642349 ,,ех,0.0007645626947263908 ,,зо,0.0005908997524873553 ,,ур,0.0005977479284267783 
,,,,,,ьм,0.000758707574430618 ,,ып,0.0007598793091537942 ,,ай,0.0005869865090933993 ,,шк,0.0005967696175782893 
,,,,,,це,0.0007540241943415402 ,,ды,0.0007575376163674959 ,,шк,0.0005772034006085093 ,,ох,0.0005879648199418883 
,,,,,,ца,0.0007540241943415402 ,,яо,0.0007528542307948993 ,,ющ,0.0005732901572145534 ,,сс,0.0005869865090933993 
,,,,,,вд,0.0007469991242079234 ,,вд,0.0007528542307948993 ,,ох,0.0005693769138205973 ,,ай,0.0005693769138205973 
,,,,,,яо,0.0007423157441188454 ,,еу,0.0007481708452223028 ,,яс,0.0005674202921236194 ,,нт,0.0005566588727902404 
,,,,,,вт,0.0007399740540743065 ,,жд,0.0007481708452223028 ,,ыс,0.0005635070487296634 ,,ги,0.0005556805619417514 
,,,,,,иу,0.0007376323640297676 ,,ца,0.0007434874596497061 ,,нт,0.0005615504270326853 ,,зо,0.0005537239402447734 
,,,,,,еу,0.0007282656038516118 ,,иу,0.0007399749204702587 ,,вл,0.0005576371836387294 ,,ющ,0.0005527456293962843 
,,,,,,мя,0.0007235822237625339 ,,вт,0.0007388040740771096 ,,ыш,0.0005556805619417514 ,,ыш,0.0005498106968508174 
,,,,,,ды,0.0007235822237625339 ,,йт,0.0007376332276839605 ,,тт,0.0005517673185477953 ,,вз,0.0005419842100629054 
,,,,,,лп,0.0007142154635843782 ,,мв,0.0007352915348976622 ,,ги,0.0005478540751538394 ,,тт,0.0005400275883659274 
,,,,,,ып,0.0007118737735398392 ,,кп,0.0007317789957182148 ,,ух,0.0005419842100629054 ,,дл,0.0005370926558204604 
,,,,,,ям,0.0007118737735398392 ,,ын,0.0007306081493250655 ,,вз,0.0005322011015780154 ,,вл,0.0005243746147901035 
,,,,,,рв,0.0007118737735398392 ,,шк,0.0007153871462141267 ,,рв,0.0005282878581840594 ,,ьш,0.0005175264388506804 
,,,,,,ги,0.0007095320834953002 ,,ги,0.0007142162998209776 ,,дл,0.0005145915063052134 ,,бя,0.0005096999520627684 
,,,,,,ай,0.0007071903934507612 ,,оэ,0.0007118746070346793 ,,ьш,0.0005126348846082354 ,,мя,0.0005048083978203234 
,,,,,,мв,0.0007025070133616834 ,,рв,0.0006989952967100387 ,,мя,0.0005106782629112574 ,,ух,0.0004999168435778784 
,,,,,,ющ,0.0006978236332726056 ,,мя,0.0006989952967100387 ,,бя,0.0004969819110324115 ,,чк,0.0004881771133960104 
,,,,,,йв,0.0006907985631389886 ,,ям,0.0006954827575305913 ,,иг,0.0004969819110324115 ,,рв,0.00048622049169903245 
,,,,,,тп,0.0006907985631389886 ,,йв,0.0006954827575305913 ,,чк,0.0004950252893354334 ,,уш,0.0004646976530322745 
,,,,,,нп,0.0006884568730944498 ,,лп,0.0006884576791716964 ,,ью,0.00048132893745658745 ,,иг,0.0004646976530322745 
,,,,,,ын,0.0006837734930053718 ,,нп,0.0006861159863853981 ,,иб,0.00047350245066867544 ,,ью,0.00046371934218378545 
,,,,,,ьд,0.0006814318029608329 ,,мк,0.0006837742935990998 ,,уш,0.00046763258557774146 ,,иб,0.00046371934218378545 
,,,,,,шк,0.0006814318029608329 ,,дл,0.0006837742935990998 ,,шн,0.0004558928553958735 ,,кт,0.0004568711662443625 
,,,,,,оэ,0.000674406732827216 ,,ай,0.0006826034472059507 ,, ф,0.0004500229903049395 ,,йс,0.00045393623369889547 
,,,,,,йт,0.0006720650427826772 ,,тп,0.000676749215240205 ,,йс,0.0004324133950321375 ,, ф,0.0004451314360624945 
,,,,,,мк,0.0006603565925599824 ,,яз,0.0006697241368813101 ,,гн,0.0004324133950321375 ,,гн,0.0004412181926685385 
,,,,,,ух,0.0006603565925599824 ,,ыш,0.0006697241368813101 ,,кт,0.0004304567733351595 ,,гу,0.0004382832601230715 
,,,,,,дл,0.0006509898323818266 ,,ьш,0.0006697241368813101 ,,дь,0.0004245869082442255 ,,дь,0.0004382832601230715 
,,,,,,ыш,0.0006486481423372876 ,,ющ,0.0006650407513087136 ,,ех,0.00041284717806235754 ,,лн,0.0004363266384260935 
,,,,,,яз,0.000634598002070054 ,,ьд,0.0006638699049155644 ,,зу,0.0004108905563653795 ,,зу,0.00042263028654724753 
,,,,,,ьш,0.0006275729319364372 ,,ух,0.0006603573657361169 ,,гу,0.00040893393466840154 ,,шн,0.0004196953540017805 
,,,,,,аэ,0.0006205478618028203 ,,йд,0.0006299153595142392 ,,ха,0.00040697731297142356 ,,ех,0.00041773873230480254 
,,,,,,ью,0.0006158644817137424 ,,бя,0.0006170360491895986 ,,зг,0.00040502069127444553 ,,шл,0.00041382548891084653 
,,,,,,йд,0.0006158644817137424 ,,аэ,0.0006029858924718089 ,,пы,0.0004011074478804895 ,,пя,0.00040208575872897857 
,,,,,,бя,0.0006135227916692035 ,,хв,0.0005971316605060632 ,,рк,0.00039915082618351155 ,,зи,0.0004011074478804895 
,,,,,,зи,0.0005971309613574309 ,,уш,0.0005959608141129141 ,,лн,0.00039915082618351155 ,,ха,0.0004011074478804895 
,,,,,,зу,0.0005901058912238141 ,,гн,0.0005889357357540192 ,,пя,0.00039523758278955554 ,,зг,0.00040012913703200054 
,,,,,,гн,0.0005807391310456583 ,,чк,0.0005877648893608701 ,,ии,0.0003874110960016436 ,,ии,0.00039817251533502256 
,,,,,,чк,0.0005713723708675025 ,,иж,0.000578398118215677 ,,зи,0.00038545447430466556 ,,ун,0.0003971942044865336 
,,,,,,йр,0.0005690306808229635 ,,ью,0.0005584937295321415 ,,кн,0.00038545447430466556 ,,пы,0.0003923026502440886 
,,,,,,хв,0.0005620056106893467 ,,ыб,0.0005573228831389923 ,,шл,0.0003834978526076876 ,,рк,0.00038936771769862156 
,,,,,,зм,0.0005596639206448077 ,,йр,0.0005561520367458432 ,,ща,0.00038154123091070955 ,,кн,0.0003834978526076876 
,,,,,,ыб,0.0005596639206448077 ,,рк,0.0005549811903526941 ,,ье,0.0003737147441227976 ,,ща,0.0003737147441227976 
,,,,,,тб,0.000550297160466652 ,,ют,0.0005549811903526941 ,,вд,0.00037175812242581956 ,,ьч,0.00037273643327430855 
,,,,,,ют,0.000550297160466652 ,,уи,0.0005526394975663958 ,,ьч,0.00037175812242581956 ,,зм,0.00037273643327430855 
,,,,,,нк,0.000550297160466652 ,,зи,0.0005526394975663958 ,,зм,0.0003698015007288416 ,,рд,0.0003688231898803526 
,,,,,,зг,0.0005432720903330351 ,,тб,0.0005526394975663958 ,,ун,0.0003698015007288416 ,,ге,0.00036295332478941856 
,,,,,,хн,0.0005385887102439573 ,,ыр,0.0005526394975663958 ,,бн,0.0003600183922439516 ,,вд,0.0003541485271530176 
,,,,,,йм,0.0005385887102439573 ,,зу,0.0005514686511732467 ,,зе,0.0003541485271530176 ,,зе,0.0003502352837590616 
,,,,,,иж,0.0005385887102439573 ,,нк,0.0005491269583869483 ,,рд,0.0003521919054560396 ,,ыр,0.0003482786620620836 
,,,,,,уш,0.0005362470201994183 ,,зм,0.00054678526560065 ,,ащ,0.0003521919054560396 ,,ье,0.0003453437295166166 
,,,,,,ыр,0.0005362470201994183 ,,гу,0.0005444435728143518 ,,вп,0.0003463220403651056 ,,бн,0.00034436541866812763 
,,,,,,дь,0.0005339053301548793 ,,хн,0.0005385893408486061 ,,ящ,0.0003424087969711496 ,,иж,0.0003433871078196386 
,,,,,,сд,0.0005292219500658015 ,,зг,0.0005268808769171146 ,,зы,0.0003384955535771936 ,,йн,0.0003414304861226606 
,,,,,,рк,0.0005268802600212625 ,,дь,0.0005245391841308164 ,,нк,0.00033458231018323765 ,,ащ,0.0003384955535771936 
,,,,,,гу,0.0005268802600212625 ,,нв,0.0005221974913445181 ,,нс,0.0003326256884862596 ,,зы,0.0003384955535771936 
,,,,,,уи,0.0005245385699767237 ,,ья,0.0005210266449513688 ,,йн,0.0003326256884862596 ,,вп,0.0003375172427287046 
,,,,,,уо,0.0005198551898876457 ,,лт,0.0005198557985582197 ,,сы,0.00033066906678928164 ,,нц,0.0003326256884862596 
,,,,,,юд,0.0005151718097985679 ,,йм,0.000514001566592474 ,,ге,0.00033066906678928164 ,,ящ,0.00033164737763777063 
,,,,,,хи,0.0005058050496204121 ,,сд,0.0005128307201993249 ,,нц,0.0003287124450923036 ,,нк,0.0003287124450923036 
,,,,,,иэ,0.0005034633595758731 ,,уо,0.0005128307201993249 ,,ж ,0.0003287124450923036 ,,сы,0.00032284258000136963 
,,,,,,уз,0.0005011216695313341 ,,шн,0.0005104890274130266 ,,ц ,0.00032284258000136963 ,,ц ,0.00032284258000136963 
,,,,,,нв,0.0004964382894422563 ,,ха,0.0005104890274130266 ,,ыр,0.00032088595830439165 ,,ж ,0.00031599440406194666 
,,,,,,юс,0.0004940965993977173 ,,яч,0.0005034639490541317 ,,ою,0.0003189293366074136 ,,ою,0.00031403778236496863 
,,,,,,ха,0.0004940965993977173 ,,рд,0.0004987805634815352 ,,рж,0.00031305947151647964 ,,нс,0.00031305947151647964 
,,,,,,ьб,0.0004917549093531783 ,,йо,0.0004964388706952369 ,,ущ,0.00031305947151647964 ,,ям,0.00031208116066799065 
,,,,,,ья,0.0004894132193086395 ,,шл,0.0004952680243020878 ,,ям,0.00031110284981950167 ,,ья,0.00031110284981950167 
,,,,,,шл,0.0004894132193086395 ,,юд,0.0004859012531568946 ,,ют,0.00030914622812252364 ,,ют,0.00030425467388007864 
,,,,,,ыо,0.0004894132193086395 ,,нр,0.00048473040676374546 ,,иж,0.00030718960642554566 ,,сд,0.00030425467388007864 
,,,,,,пы,0.0004894132193086395 ,,ьб,0.00048473040676374546 ,,ыб,0.00030327636303158965 ,,зр,0.00030327636303158965 
,,,,,,лд,0.0004870715292641005 ,,лд,0.0004835595603705963 ,,ья,0.0003013197413346117 ,,ущ,0.00029055832200123265 
,,,,,,нр,0.0004870715292641005 ,,лг,0.00048238871397744714 ,,зр,0.00029936311963763365 ,,ыб,0.00029055832200123265 
,,,,,,рд,0.0004823881491750226 ,,пя,0.00048238871397744714 ,,сд,0.00029740649794065567 ,,йк,0.0002837101460618097 
,,,,,,шн,0.00048004645913048366 ,,уз,0.00047887617479799974 ,,ощ,0.00029740649794065567 ,,сч,0.0002837101460618097 
,,,,,,пя,0.00048004645913048366 ,,ьз,0.00047887617479799974 ,,сч,0.00029349325454669967 ,,нр,0.0002817535243648317 
,,,,,,зе,0.0004777047690859447 ,,иэ,0.0004765344820117014 ,, ц,0.0002876233894557657 ,,рж,0.00028077521351634266 
,,,,,,тч,0.0004730213889968668 ,,йи,0.0004753636356185523 ,,ьв,0.00028566676775878766 ,,ци,0.00028077521351634266 
,,,,,,лт,0.0004730213889968668 ,,хи,0.0004718510964391049 ,,ец,0.00028566676775878766 ,,ец,0.0002778402809708757 
,,,,,,йи,0.00046833800890778895 ,,пы,0.00046950940365280655 ,,ип,0.0002817535243648317 ,,ощ,0.0002749053484254087 
,,,,,,ьз,0.00046365462881871105 ,,ге,0.0004601426325076134 ,,йк,0.0002797969026678537 ,,юд,0.0002709921050314527 
,,,,,,йо,0.0004613129387741721 ,,йч,0.00045780093972131515 ,,ци,0.0002778402809708757 ,,зл,0.0002700137941829637 
,,,,,,ге,0.00045897124872963316 ,,зе,0.0004542884005418677 ,,жо,0.0002719704158799417 ,,вя,0.0002700137941829637 
,,,,,,яч,0.00045897124872963316 ,,ыо,0.0004507758613624203 ,,чь,0.0002719704158799417 ,,уз,0.0002700137941829637 
,,,,,,дс,0.0004566295586850942 ,,юс,0.0004507758613624203 ,,зл,0.0002700137941829637 ,,жо,0.0002680571724859857 
,,,,,,ща,0.00044960448855147736 ,,тч,0.00044843416857612197 ,,шо,0.0002700137941829637 ,,ип,0.0002641439290920297 
,,,,,,лг,0.00044257941841786055 ,,лэ,0.00044843416857612197 ,,дя,0.0002680571724859857 ,,ьв,0.0002641439290920297 
,,,,,,зр,0.00044023772837332157 ,,ща,0.00044843416857612197 ,,лж,0.0002641439290920297 ,,вк,0.0002592523748495847 
,,,,,,лэ,0.00044023772837332157 ,,яб,0.00043555485825148144 ,,рм,0.0002602306856980737 ,,хв,0.0002582740640010957 
,,,,,,бн,0.00043321265823970475 ,,хп,0.00043438401185833225 ,,цо,0.0002582740640010957 ,,шо,0.0002582740640010957 
,,,,,,яб,0.00043321265823970475 ,,бн,0.0004297006262857357 ,,нр,0.0002543608206071397 ,, ц,0.0002514258880616727 
,,,,,,ащ,0.00043321265823970475 ,,мт,0.0004297006262857357 ,,вк,0.0002524041989101617 ,,дк,0.0002504475772131837 
,,,,,,яр,0.00042150420801701004 ,,дк,0.0004273589334994374 ,,дк,0.0002504475772131837 ,,цо,0.0002475126446677167 
,,,,,,йч,0.0004191625179724711 ,,дс,0.0004250172407131391 ,,хв,0.0002504475772131837 ,,лж,0.0002475126446677167 
,,,,,,нц,0.0004191625179724711 ,,зр,0.00041799216235424426 ,,вя,0.0002465343338192277 ,,дя,0.0002465343338192277 
,,,,,,тд,0.00041682082792793214 ,,ащ,0.000415650469567946 ,,юд,0.0002465343338192277 ,,яв,0.00023968615787980474 
,,,,,,лм,0.00041682082792793214 ,,вв,0.00040979623760220026 ,,вт,0.00024457771212224973 ,,щу,0.00023381629278887073 
,,,,,,мд,0.0004144791378833932 ,,зы,0.00040511285202960367 ,,уз,0.00024066446872829373 ,,жу,0.00023283798194038174 
,,,,,,ея,0.0004144791378833932 ,,яр,0.00040511285202960367 ,,жу,0.00023870784703131572 ,,рм,0.00023088136024340374 
,,,,,,сы,0.0004097957577943153 ,,ящ,0.0004027711592433054 ,,яз,0.00023479460363735974 ,,хн,0.00022990304939491475 
,,,,,,мт,0.00040745406774977635 ,,мм,0.00040042946645700713 ,,хи,0.00023283798194038174 ,,хи,0.00022794642769793675 
,,,,,,сч,0.00040511237770523743 ,,нц,0.00039925862006385794 ,,яв,0.00023283798194038174 ,,чь,0.00022207656260700274 
,,,,,,мм,0.0004027706876606985 ,,еэ,0.00039925862006385794 ,,б ,0.00023088136024340374 ,,вт,0.00021914163006153575 
,,,,,,еэ,0.0004027706876606985 ,,мд,0.00039925862006385794 ,,нч,0.00022696811684944773 ,,яз,0.00021816331921304676 
,,,,,,хс,0.0003980873075716206 ,,вч,0.0003969169272775597 ,,сх,0.00022305487345549175 ,,б ,0.00021718500836455775 
,,,,,,вм,0.00039574561752708163 ,,тд,0.0003945752344912614 ,,хн,0.00022109825175851375 ,,ьм,0.00021718500836455775 
,,,,,,зы,0.00039106223743800374 ,,сч,0.00039340438809811227 ,,вь,0.00021914163006153575 ,,вь,0.00021522838666757974 
,,,,,,ыи,0.0003887205473934648 ,,ык,0.00039340438809811227 ,,ьм,0.00021718500836455775 ,,тл,0.00021327176497060177 
,,,,,,ящ,0.0003887205473934648 ,,ою,0.00039106269531181395 ,,дц,0.00020935852157664576 ,,ню,0.00021131514327362376 
,,,,,,хп,0.0003887205473934648 ,,кк,0.00038755015613236654 ,,ню,0.00020935852157664576 ,,шу,0.00021033683242513475 
,,,,,,лб,0.00038637885734892584 ,,сы,0.00038637930973921736 ,,лл,0.00020740189987966776 ,,нч,0.00020642358903117877 
,,,,,,ыд,0.0003840371673043869 ,,лр,0.0003852084633460682 ,,нщ,0.00020740189987966776 ,,лл,0.00020446696733420077 
,,,,,,ущ,0.0003840371673043869 ,,хс,0.0003840376169529191 ,,дс,0.00020544527818268976 ,,сх,0.00020348865648571178 
,,,,,,зк,0.000381695477259848 ,,мл,0.00038286677055976995 ,,шу,0.00020544527818268976 ,,дт,0.00020251034563722277 
,,,,,,кк,0.000381695477259848 ,,вм,0.00038286677055976995 ,,дт,0.00020544527818268976 ,,дс,0.00020153203478873378 
,,,,,,ык,0.000379353787215309 ,,ыи,0.0003805250777734717 ,,тл,0.00019957541309175577 ,,мл,0.00020055372394024476 
,,,,,,дк,0.0003770120971707701 ,,ыд,0.0003805250777734717 ,,хл,0.00019957541309175577 ,,нщ,0.00020055372394024476 
,,,,,,лр,0.0003770120971707701 ,,лм,0.00037818338498717336 ,,щу,0.00019761879139477777 ,,оо,0.00019957541309175577 
,,,,,,вч,0.0003770120971707701 ,,зк,0.00037467084580772596 ,,мл,0.00019566216969779977 ,,дц,0.00019957541309175577 
,,,,,,вв,0.0003770120971707701 ,,кд,0.0003734999994145768 ,,ац,0.0001897923046068658 ,,пн,0.00019468385884931078 
,,,,,,ци,0.00037467040712623113 ,,лб,0.0003711583066282785 ,,оо,0.0001897923046068658 ,,кс,0.00019468385884931078 
,,,,,,дп,0.00037467040712623113 ,,тл,0.00036998746023512936 ,,кв,0.00018783568290988778 ,,йт,0.0001917489263038438 
,,,,,,мч,0.00037467040712623113 ,,рс,0.0003676457674488311 ,,ср,0.00018783568290988778 ,,кв,0.00019077061545535478 
,,,,,,ощ,0.0003723287170816922 ,,ци,0.0003676457674488311 ,,ыч,0.00018587906121290978 ,,ац,0.0001868573720613988 
,,,,,,мл,0.0003723287170816922 ,,вг,0.00036647492105568196 ,,кс,0.00018587906121290978 ,,ио,0.0001868573720613988 
,,,,,,вя,0.00036998702703715323 ,,яе,0.00036530407466253277 ,,йт,0.00018587906121290978 ,,йч,0.0001849007503644208 
,,,,,,тл,0.00036998702703715323 ,,жо,0.0003629623818762345 ,,рю,0.00018587906121290978 ,,хр,0.00018392243951593178 
,,,,,,кд,0.0003676453369926143 ,,лж,0.0003629623818762345 ,,ищ,0.0001819658178189538 ,,рс,0.0001829441286674428 
,,,,,,вг,0.0003676453369926143 ,,йб,0.0003629623818762345 ,,ио,0.0001800091961219758 ,,як,0.0001809875069704648 
,,,,,,дт,0.0003629619569035364 ,,яг,0.0003594498426967871 ,,хр,0.0001800091961219758 ,,ып,0.0001809875069704648 
,,,,,,рс,0.0003629619569035364 ,,ощ,0.0003594498426967871 ,,ху,0.0001780525744249978 ,,ау,0.0001809875069704648 
,,,,,,лж,0.0003606202668589975 ,,ец,0.0003571081499104888 ,,ау,0.0001780525744249978 ,,ср,0.0001770742635765088 
,,,,,,йб,0.0003559368867699196 ,,ея,0.0003547664571241905 ,,як,0.0001760959527280198 ,,ын,0.0001770742635765088 
,,,,,,ою,0.0003559368867699196 ,,ущ,0.0003547664571241905 ,,юб,0.0001741393310310418 ,,хл,0.0001751176418795308 
,,,,,,вэ,0.0003512535066808417 ,,кб,0.00035125391794474305 ,,йч,0.00017218270933406382 ,,цы,0.0001741393310310418 
,,,,,,нч,0.0003512535066808417 ,,дп,0.00035125391794474305 ,,рш,0.0001702260876370858 ,,рл,0.0001731610201825528 
,,,,,,мр,0.0003512535066808417 ,,мч,0.0003500830715515939 ,,ып,0.0001702260876370858 ,,ху,0.00017218270933406382 
,,,,,,цо,0.0003489118166363028 ,,мб,0.0003500830715515939 ,,ию,0.0001702260876370858 ,,бь,0.0001712043984855748 
,,,,,,рж,0.0003489118166363028 ,,нч,0.0003489122251584448 ,,пн,0.0001702260876370858 ,,юб,0.0001702260876370858 
,,,,,,ср,0.0003465701265917638 ,,цо,0.0003465705323721465 ,,сю,0.0001682694659401078 ,,рю,0.0001702260876370858 
,,,,,,лл,0.0003465701265917638 ,,зл,0.00034305799319269906 ,,ын,0.0001663128442431298 ,,ию,0.0001702260876370858 
,,,,,,ец,0.0003442284365472249 ,,хр,0.0003418871467995499 ,,йд,0.0001663128442431298 ,,ищ,0.0001692477767885968 
,,,,,,яг,0.0003442284365472249 ,,дт,0.0003407163004064008 ,,зя,0.0001663128442431298 ,,фо,0.0001682694659401078 
,,,,,,жо,0.0003418867465026859 ,,рж,0.00033954545401325165 ,,фо,0.0001663128442431298 ,,ыч,0.0001682694659401078 
,,,,,,ыч,0.0003418867465026859 ,,мр,0.0003383746076201025 ,,зк,0.0001663128442431298 ,,рх,0.0001682694659401078 
,,,,,,км,0.000339545056458147 ,,ьэ,0.0003383746076201025 ,,ея,0.0001643562225461518 ,,ея,0.0001663128442431298 
,,,,,,мб,0.00033251998632453017 ,,вя,0.0003383746076201025 ,,рх,0.0001643562225461518 ,,зк,0.00016533453339464082 
,,,,,,юб,0.00032783660623545227 ,,вэ,0.00033486206844065506 ,,цы,0.00016044297915219583 ,,ео,0.00016533453339464082 
,,,,,,яж,0.00032783660623545227 ,,юп,0.0003278369900817602 ,,рл,0.00015848635745521782 ,,йд,0.00016337791169766282 
,,,,,,дя,0.0003254949161909133 ,,тм,0.00032549529729546193 ,,бс,0.00015652973575823982 ,,зя,0.00016337791169766282 
,,,,,,хр,0.0003231532261463744 ,,лл,0.00032549529729546193 ,,бь,0.00015652973575823982 ,,сю,0.00016142129000068481 
,,,,,,зл,0.0003231532261463744 ,,ыч,0.0003231536045091636 ,,ео,0.00015652973575823982 ,,яж,0.00016142129000068481 
,,,,,,юк,0.0003231532261463744 ,,ср,0.0003231536045091636 ,,зь,0.00015652973575823982 ,,зь,0.00015848635745521782 
,,,,,,юн,0.0003208115361018354 ,,хл,0.00032081191172286534 ,,уе,0.00015457311406126182 ,,ьц,0.00015555142490975083 
,,,,,,шо,0.0003208115361018354 ,,юк,0.00031847021893656707 ,,уй,0.00015261649236428381 ,,лг,0.00015555142490975083 
,,,,,,хл,0.0003184698460572965 ,,ьу,0.00031847021893656707 ,,тб,0.00015261649236428381 ,,рш,0.00015163818151579483 
,,,,,,ьэ,0.0003161281560127575 ,,шо,0.00031729937254341793 ,,лг,0.00015261649236428381 ,,зб,0.00015065987066730584 
,,,,,,кб,0.0003137864659682186 ,,яж,0.00031612852615026875 ,,эн,0.00015261649236428381 ,,ык,0.00014870324897032784 
,,,,,,ыз,0.00031144477592367966 ,,рм,0.00031612852615026875 ,,юч,0.00014870324897032784 ,,бс,0.00014674662727334983 
,,,,,,яе,0.00030676139583460176 ,,яу,0.0003114451405776722 ,,зб,0.00014674662727334983 ,,шт,0.00014674662727334983 
,,,,,,юч,0.0003044197057900628 ,,км,0.0003091034477913739 ,, щ,0.00014674662727334983 ,,эн,0.00014674662727334983 
,,,,,,ьу,0.0003044197057900628 ,,юч,0.00030793260139822475 ,,рс,0.00014479000557637183 ,,уй,0.00014674662727334983 
,,,,,,иа,0.0003044197057900628 ,,иа,0.0003067617550050756 ,,ык,0.00014479000557637183 ,,тб,0.00014576831642486085 
,,,,,,сх,0.00030207801574552387 ,,дя,0.0003067617550050756 ,,шт,0.00014479000557637183 ,,фе,0.00014283338387939383 
,,,,,,нз,0.00030207801574552387 ,,юб,0.0003067617550050756 ,,яж,0.00014283338387939383 ,,юч,0.00014087676218241585 
,,,,,,ху,0.00029505294561190705 ,,ыз,0.0003055909086119265 ,,лч,0.00014283338387939383 ,,лч,0.00013892014048543785 
,,,,,,рм,0.00029505294561190705 ,,юн,0.0003055909086119265 ,,мк,0.00014283338387939383 ,,уе,0.00013696351878845985 
,,,,,,мг,0.0002927112555673681 ,,ьр,0.00030442006221877735 ,,фа,0.00014087676218241585 ,,фи,0.00013598520793997086 
,,,,,,тм,0.0002927112555673681 ,,ху,0.0002973949838598825 ,,ьц,0.00014087676218241585 ,,рч,0.00013598520793997086 
,,,,,,уе,0.0002880278754782902 ,,сх,0.0002880282127146893 ,,фе,0.00013892014048543785 ,, щ,0.00013011534284903685 
,,,,,,ьр,0.0002880278754782902 ,,жу,0.0002880282127146893 ,,бк,0.00013500689709148184 ,,фа,0.00013011534284903685 
,,,,,,жу,0.00028568618543375126 ,,аа,0.00028568651992839103 ,,чш,0.00013109365369752587 ,,мк,0.00012815872115205885 
,,,,,,яу,0.00028568618543375126 ,,нз,0.0002845156735352419 ,,рч,0.00012718041030356986 ,,бк,0.00012718041030356986 
,,,,,,юп,0.0002833444953892123 ,,мг,0.00028100313435579444 ,,яг,0.00012718041030356986 ,,вм,0.00012228885606112487 
,,,,,,лз,0.0002833444953892123 ,,щу,0.0002798322879626453 ,,ях,0.00012718041030356986 ,,пк,0.00012033223436414686 
,,,,,,йг,0.0002833444953892123 ,,йг,0.00027514890239004877 ,,юс,0.00012522378860659186 ,,ыд,0.00011935392351565786 
,,,,,,ню,0.00026461097503290075 ,,лз,0.0002657821312448556 ,,фи,0.00012326716690961385 ,,цу,0.00011935392351565786 
,,,,,,нб,0.0002622692849883618 ,,чь,0.0002657821312448556 ,,бщ,0.00012326716690961385 ,,юс,0.00011739730181867987 
,,,,,,зп,0.00025992759494382285 ,,вь,0.0002575862064928116 ,,мс,0.00012326716690961385 ,,яг,0.00011641899097019087 
,,,,,,щу,0.00025992759494382285 ,,уе,0.0002575862064928116 ,,пк,0.00012131054521263586 ,,мс,0.00011641899097019087 
,,,,,,кч,0.00025992759494382285 ,,ац,0.0002575862064928116 ,,чо,0.00011935392351565786 ,,тч,0.00011544068012170187 
,,,,,,пн,0.00025524421485474496 ,,шу,0.00025641536009966245 ,,цу,0.00011935392351565786 ,,ях,0.00011446236927321287 
,,,,,,ыу,0.00025524421485474496 ,,ню,0.00025407366731336413 ,,тч,0.00011935392351565786 ,,ыг,0.00011348405842472387 
,,,,,,мз,0.00025290252481020603 ,,нб,0.00025056112813391673 ,,лт,0.00011739730181867987 ,,ьз,0.00011348405842472387 
,,,,,,рп,0.00025290252481020603 ,,яэ,0.00025056112813391673 ,,зж,0.00011739730181867987 ,,гк,0.00011250574757623488 
,,,,,,еа,0.00024821914472112814 ,,еа,0.0002493902817407676 ,,ею,0.00011739730181867987 ,,зж,0.00011250574757623488 
,,,,,,шу,0.00024821914472112814 ,,мз,0.000244706896168171 ,,ыд,0.00011348405842472387 ,,чо,0.00011250574757623488 
,,,,,,чь,0.00024821914472112814 ,,хк,0.000244706896168171 ,,гк,0.00010957081503076787 ,,рг,0.00011250574757623488 
,,,,,,ац,0.00024587745467658916 ,,пн,0.00024353604977502187 ,,оф,0.00010957081503076787 ,,чш,0.00011152743672774588 
,,,,,,яэ,0.00024587745467658916 ,,зп,0.00024119435698872357 ,,иа,0.00010761419333378987 ,,еи,0.00011054912587925688 
,,,,,,аа,0.00024353576463205024 ,,уа,0.00024002351059557444 ,,вм,0.00010761419333378987 ,,бщ,0.00010761419333378987 
,,,,,,кэ,0.0002411940745875113 ,,дц,0.00024002351059557444 ,,рг,0.00010761419333378987 ,,пт,0.00010761419333378987 
,,,,,,рх,0.0002411940745875113 ,,нщ,0.00024002351059557444 ,,еи,0.00010565757163681188 ,,лт,0.00010565757163681188 
,,,,,,зб,0.0002411940745875113 ,,ях,0.00024002351059557444 ,,ыг,0.00010370094993983388 ,,ею,0.00010565757163681188 
,,,,,,ыг,0.00023885238454297234 ,,ыу,0.00023768181780927614 ,, ю,0.00010174432824285589 ,,юк,0.00010174432824285589 
,,,,,,нщ,0.0002365106944984334 ,,ыг,0.000236510971416127 ,,яр,0.00010174432824285589 ,,тп,0.00010174432824285589 
,,,,,,хм,0.00023416900445389447 ,,йз,0.00023534012502297787 ,,яя,9.978770654587789e-05 ,,яч,0.00010076601739436689 
,,,,,,дц,0.00022948562436481658 ,,рп,0.0002341692786298287 ,,аи,9.783108484889988e-05 ,,фу,9.880939569738889e-05 
,,,,,,уа,0.00022948562436481658 ,,кч,0.0002341692786298287 ,,пт,9.58744631519219e-05 ,,яя,9.783108484889988e-05 
,,,,,,бь,0.00022948562436481658 ,,зб,0.00022714420027093385 ,,ьз,9.58744631519219e-05 ,,уа,9.783108484889988e-05 
,,,,,,йу,0.00022714393432027763 ,,юв,0.00022363166109148642 ,,юк,9.391784145494389e-05 ,,оф,9.783108484889988e-05 
,,,,,,рл,0.00022714393432027763 ,,кэ,0.00022363166109148642 ,,тд,9.196121975796589e-05 ,,тд,9.68527740004109e-05 
,,,,,,ищ,0.00022246055423119973 ,,хм,0.00022128996830518815 ,,оу,9.00045980609879e-05 ,,аи,9.48961523034329e-05 
,,,,,,вь,0.00022246055423119973 ,,йу,0.00021660658273259156 ,,жк,9.00045980609879e-05 ,,ч ,9.391784145494389e-05 
,,,,,,ях,0.00021543548409758292 ,,ию,0.00021660658273259156 ,,уа,9.00045980609879e-05 ,,яр,9.293953060645489e-05 
,,,,,,хк,0.00021543548409758292 ,,рл,0.00021660658273259156 ,,яе,8.80479763640099e-05 ,,лд,9.09829089094769e-05 
,,,,,,ьц,0.00021309379405304397 ,,юо,0.00021543573633944242 ,,яч,8.80479763640099e-05 ,,п ,8.90262872124989e-05 
,,,,,,зя,0.00021309379405304397 ,,тэ,0.00021543573633944242 ,,тп,8.80479763640099e-05 ,,иа,8.80479763640099e-05 
,,,,,,юв,0.00021075210400850502 ,,зя,0.00021543573633944242 ,,мп,8.80479763640099e-05 ,,еу,8.80479763640099e-05 
,,,,,,тэ,0.00021075210400850502 ,,ищ,0.00021543573633944242 ,,лд,8.609135466703191e-05 ,,жк,8.70696655155209e-05 
,,,,,,ию,0.00021075210400850502 ,,рх,0.0002142648899462933 ,,п ,8.609135466703191e-05 ,, ю,8.70696655155209e-05 
,,,,,,рю,0.00020606872391942712 ,,юм,0.00021075235076684586 ,,ч ,8.41347329700539e-05 ,,мп,8.609135466703191e-05 
,,,,,,ьл,0.00020606872391942712 ,,цы,0.00020841065798054756 ,,йм,8.41347329700539e-05 ,,нз,8.609135466703191e-05 
,,,,,,зь,0.00020606872391942712 ,,бь,0.00020489811880110013 ,,дю,8.41347329700539e-05 ,,эл,8.41347329700539e-05 
,,,,,,юо,0.00020372703387488817 ,,рю,0.000203727272407951 ,,жч,8.41347329700539e-05 ,,дю,8.41347329700539e-05 
,,,,,,юм,0.00020372703387488817 ,,вб,0.000203727272407951 ,,фу,8.21781112730759e-05 ,,рп,8.119980042458691e-05 
,,,,,,фо,0.00020372703387488817 ,,фо,0.000203727272407951 ,,дп,8.21781112730759e-05 ,,йм,8.022148957609791e-05 
,,,,,,йз,0.00020138534383034925 ,,ьг,0.0002013855796216527 ,,нз,8.022148957609791e-05 ,,яю,8.022148957609791e-05 
,,,,,,вб,0.00019670196374127136 ,,яя,0.0002013855796216527 ,,рп,7.826486787911991e-05 ,,яе,8.022148957609791e-05 
,,,,,,яя,0.0001943602736967324 ,,ьц,0.00019787304044220527 ,,ыз,7.826486787911991e-05 ,,мг,7.924317872760891e-05 
,,,,,,уэ,0.0001943602736967324 ,,бс,0.00019670219404905614 ,,яю,7.826486787911991e-05 ,,мр,7.630824618214191e-05 
,,,,,,рш,0.0001943602736967324 ,,сю,0.00019553134765590697 ,,еу,7.826486787911991e-05 ,,ыз,7.630824618214191e-05 
,,,,,,рч,0.00019201858365219346 ,,ьл,0.00019201880847645954 ,,вв,7.826486787911991e-05 ,,лм,7.532993533365292e-05 
,,,,,,цы,0.0001896768936076545 ,,зь,0.00018967711569016125 ,,оц,7.630824618214191e-05 ,,еа,7.532993533365292e-05 
,,,,,,ьг,0.0001896768936076545 ,,уэ,0.00018967711569016125 ,,еа,7.630824618214191e-05 ,,жч,7.532993533365292e-05 
,,,,,,юи,0.0001896768936076545 ,,кз,0.0001885062692970121 ,,эл,7.630824618214191e-05 ,,оу,7.532993533365292e-05 
,,,,,,гк,0.00018499351351857662 ,,рш,0.00018616457651071382 ,,лм,7.630824618214191e-05 ,,юн,7.532993533365292e-05 
,,,,,,мэ,0.00018499351351857662 ,,зс,0.00018616457651071382 ,,хе,7.435162448516392e-05 ,,вв,7.532993533365292e-05 
,,,,,,кз,0.0001826518234740377 ,,рч,0.00018616457651071382 ,,щн,7.239500278818592e-05 ,,нг,7.532993533365292e-05 
,,,,,,сю,0.0001826518234740377 ,,мэ,0.00018616457651071382 ,,мр,7.043838109120793e-05 ,,дп,7.337331363667492e-05 
,,,,,,шт,0.0001826518234740377 ,,гк,0.00018499373011756468 ,,эй,7.043838109120793e-05 ,,хе,7.337331363667492e-05 
,,,,,,зс,0.0001779684433849598 ,,шт,0.00018265203733126639 ,,нг,6.848175939422992e-05 ,,оц,7.337331363667492e-05 
,,,,,,фе,0.0001779684433849598 ,,йл,0.00018265203733126639 ,,мг,6.848175939422992e-05 ,,цв,7.043838109120793e-05 
,,,,,,фи,0.0001779684433849598 ,,оф,0.00018031034454496812 ,,йр,6.848175939422992e-05 ,,щн,6.946007024271892e-05 
,,,,,,эн,0.0001779684433849598 ,,эн,0.00017796865175866982 ,,ьд,6.848175939422992e-05 ,,йр,6.946007024271892e-05 
,,,,,,йж,0.0001779684433849598 ,,уй,0.00017562695897237153 ,,цв,6.652513769725192e-05 ,,юм,6.848175939422992e-05 
,,,,,,бс,0.00017562675334042085 ,,фе,0.00017328526618607326 ,,юн,6.652513769725192e-05 ,,тц,6.652513769725192e-05 
,,,,,,уй,0.00017562675334042085 ,,юи,0.00016977272700662583 ,,лв,6.456851600027393e-05 ,,сж,6.554682684876293e-05 
,,,,,,кж,0.0001732850632958819 ,,хт,0.00016977272700662583 ,,юм,6.261189430329593e-05 ,,хм,6.359020515178493e-05 
,,,,,,хд,0.0001732850632958819 ,,нг,0.00016743103422032753 ,,ш ,6.261189430329593e-05 ,,эй,6.261189430329593e-05 
,,,,,,оа,0.00017094337325134295 ,,оа,0.00016743103422032753 ,,тю,6.261189430329593e-05 ,,ш ,6.163358345480693e-05 
,,,,,,йл,0.00017094337325134295 ,,фи,0.0001662601878271784 ,,ьт,6.261189430329593e-05 ,,фл,5.967696175782893e-05 
,,,,,,нг,0.00016391830311772614 ,,хд,0.00016508934143402923 ,,сж,6.261189430329593e-05 ,,лз,5.967696175782893e-05 
,,,,,,сэ,0.0001615766130731872 ,,сб,0.0001639184950408801 ,,тц,6.261189430329593e-05 ,,сш,5.967696175782893e-05 
,,,,,,сг,0.0001615766130731872 ,,тз,0.0001639184950408801 ,,хм,6.065527260631793e-05 ,,тю,5.8698650909339936e-05 
,,,,,,тг,0.0001615766130731872 ,,йж,0.00016274764864773096 ,,фл,5.8698650909339936e-05 ,,сб,5.8698650909339936e-05 
,,,,,,хт,0.0001615766130731872 ,,цу,0.00016040595586143267 ,,бв,5.8698650909339936e-05 ,,ьд,5.674202921236193e-05 
,,,,,,бк,0.0001615766130731872 ,,бк,0.00015923510946828353 ,,эк,5.674202921236193e-05 ,,дх,5.576371836387294e-05 
,,,,,,чо,0.00015923492302864824 ,,пк,0.00015806426307513437 ,,сб,5.478540751538394e-05 ,,уя,5.576371836387294e-05 
,,,,,,оф,0.00015923492302864824 ,,хе,0.00015689341668198524 ,,тм,5.478540751538394e-05 ,,вэ,5.576371836387294e-05 
,,,,,,пк,0.00015923492302864824 ,,фа,0.0001557225702888361 ,,дх,5.478540751538394e-05 ,,уо,5.3807096666894936e-05 
,,,,,,зз,0.00015923492302864824 ,,уу,0.0001557225702888361 ,,вэ,5.282878581840594e-05 ,,ьт,5.3807096666894936e-05 
,,,,,,тз,0.00015923492302864824 ,,зж,0.0001533808775025378 ,,лз,5.0872164121427945e-05 ,,аф,5.185047496991694e-05 
,,,,,,оц,0.00015455154293957034 ,,нм,0.0001533808775025378 ,,сш,5.0872164121427945e-05 ,,тм,5.0872164121427945e-05 
,,,,,,кг,0.00015455154293957034 ,,сг,0.00015221003110938867 ,,юз,5.0872164121427945e-05 ,,бх,5.0872164121427945e-05 
,,,,,,сб,0.00015455154293957034 ,,кж,0.00014986833832309038 ,,бх,5.0872164121427945e-05 ,,юз,4.9893853272938944e-05 
,,,,,,ьа,0.00015455154293957034 ,,тг,0.00014986833832309038 ,,рц,5.0872164121427945e-05 ,,йш,4.793723157596095e-05 
,,,,,,цу,0.0001522098528950314 ,,рг,0.00014869749192994124 ,,уо,5.0872164121427945e-05 ,,рц,4.793723157596095e-05 
,,,,,,зт,0.00014752647280595352 ,,ьа,0.00014752664553679208 ,,дш,5.0872164121427945e-05 ,,лв,4.6958920727471946e-05 
,,,,,,рг,0.00014518478276141458 ,,зт,0.00014752664553679208 ,,хс,4.891554242444994e-05 ,,эк,4.6958920727471946e-05 
,,,,,,сж,0.00014284309271687563 ,,юр,0.0001451849527504938 ,,юш,4.891554242444994e-05 ,,еф,4.6958920727471946e-05 
,,,,,,хе,0.00014050140267233668 ,,уя,0.00014284325996419552 ,,уи,4.891554242444994e-05 ,,оэ,4.6958920727471946e-05 
,,,,,,уя,0.00014050140267233668 ,,зз,0.00014284325996419552 ,,уя,4.6958920727471946e-05 ,,дш,4.5980609878982945e-05 
,,,,,,уу,0.00014050140267233668 ,,чо,0.00014050156717789722 ,,дм,4.500229903049395e-05 ,,хс,4.5980609878982945e-05 
,,,,,,яа,0.00014050140267233668 ,,кг,0.00013933072078474809 ,,бм,4.500229903049395e-05 ,,мч,4.500229903049395e-05 
,,,,,,бщ,0.00013815971262779773 ,,пт,0.00013581818160530066 ,,оэ,4.500229903049395e-05 ,,юш,4.402398818200495e-05 
,,,,,,юз,0.00013815971262779773 ,,йш,0.00013581818160530066 ,,ьб,4.3045677333515954e-05 ,,бм,4.3045677333515954e-05 
,,,,,,фа,0.00013581802258325878 ,,сэ,0.00013581818160530066 ,,вц,4.3045677333515954e-05 ,,ао,4.206736648502695e-05 
,,,,,,зж,0.00013581802258325878 ,,чш,0.00013581818160530066 ,,сц,4.3045677333515954e-05 ,,ьб,4.108905563653795e-05 
,,,,,,дб,0.00013347633253871983 ,,оц,0.00013347648881900236 ,,аф,4.3045677333515954e-05 ,,ыж,4.108905563653795e-05 
,,,,,,фу,0.00013347633253871983 ,,юз,0.00013230564242585322 ,,мч,4.3045677333515954e-05 ,,мб,4.108905563653795e-05 
,,,,,,йа,0.0001311346424941809 ,,бщ,0.00012996394963955493 ,,пь,4.3045677333515954e-05 ,,мь,4.108905563653795e-05 
,,,,,,нм,0.00012645126240510302 ,,ею,0.00012996394963955493 ,,вч,4.3045677333515954e-05 ,,дм,4.108905563653795e-05 
,,,,,,ею,0.00012645126240510302 ,,гп,0.00012528056406695836 ,,йш,4.108905563653795e-05 ,,иф,4.108905563653795e-05 
,,,,,,чш,0.00012410957236056407 ,,яа,0.00012528056406695836 ,,рз,4.108905563653795e-05 ,,уи,4.0110744788048957e-05 
,,,,,,гс,0.00012176788231602512 ,,хб,0.00012293887128066007 ,,ыж,4.108905563653795e-05 ,,мм,4.0110744788048957e-05 
,,,,,,ыэ,0.00011942619227148617 ,,гс,0.00012293887128066007 ,,еф,4.108905563653795e-05 ,,яп,4.0110744788048957e-05 
,,,,,,гп,0.00011942619227148617 ,,сж,0.00012176802488751093 ,,яп,4.108905563653795e-05 ,,бв,4.0110744788048957e-05 
,,,,,,йш,0.00011708450222694724 ,,йе,0.00012059717849436179 ,,пс,4.108905563653795e-05 ,,рз,3.9132433939559955e-05 
,,,,,,йе,0.00011474281218240829 ,,фу,0.0001182554857080635 ,,вх,3.9132433939559955e-05 ,,вц,3.8154123091070954e-05 
,,,,,,хб,0.00011474281218240829 ,,аф,0.00011708463931491435 ,,мм,3.9132433939559955e-05 ,,нв,3.8154123091070954e-05 
,,,,,,пт,0.00011474281218240829 ,,жк,0.00011474294652861607 ,,фр,3.9132433939559955e-05 ,,пь,3.8154123091070954e-05 
,,,,,,юр,0.00011240112213786934 ,,ыэ,0.00011357210013546692 ,,мб,3.9132433939559955e-05 ,,вч,3.717581224258196e-05 
,,,,,,ьх,0.00011240112213786934 ,,йа,0.00011357210013546692 ,,дб,3.717581224258196e-05 ,,сг,3.717581224258196e-05 
,,,,,,хг,0.00011005943209333039 ,,дб,0.00011357210013546692 ,,жь,3.717581224258196e-05 ,,йо,3.717581224258196e-05 
,,,,,,еф,0.00011005943209333039 ,,цв,0.00011240125374231779 ,,юю,3.521919054560396e-05 ,,юж,3.619750139409296e-05 
,,,,,,юж,0.00010771774204879146 ,,ьх,0.00010771786816972121 ,,яй,3.521919054560396e-05 ,,тш,3.619750139409296e-05 
,,,,,,йэ,0.00010771774204879146 ,,йэ,0.00010771786816972121 ,,рф,3.521919054560396e-05 ,,лп,3.619750139409296e-05 
,,,,,,аф,0.00010537605200425251 ,,еф,0.00010303448259712463 ,,ао,3.326256884862596e-05 ,,дб,3.619750139409296e-05 
,,,,,,цв,0.00010537605200425251 ,,дю,0.0001018636362039755 ,,иф,3.326256884862596e-05 ,,фр,3.619750139409296e-05 
,,,,,,эй,0.00010069267191517463 ,,эл,0.00010069278981082635 ,,хш,3.326256884862596e-05 ,,сц,3.619750139409296e-05 
,,,,,,эл,0.00010069267191517463 ,,юж,0.00010069278981082635 ,, й,3.326256884862596e-05 ,,юю,3.521919054560396e-05 
,,,,,,яю,9.835098187063568e-05 ,,яю,0.00010069278981082635 ,,тш,3.326256884862596e-05 ,,яй,3.521919054560396e-05 
,,,,,,дм,9.835098187063568e-05 ,,дэ,9.95219434176772e-05 ,,шв,3.326256884862596e-05 ,,пс,3.521919054560396e-05 
,,,,,,жк,9.600929182609673e-05 ,,дм,9.95219434176772e-05 ,,юх,3.1305947151647964e-05 ,,юх,3.424087969711496e-05 
,,,,,,дю,9.600929182609673e-05 ,,хг,9.835109702452807e-05 ,,юй,3.1305947151647964e-05 ,,шв,3.424087969711496e-05 
,,,,,,гв,9.600929182609673e-05 ,,йх,9.600940423822977e-05 ,,ьи,3.1305947151647964e-05 ,,э ,3.326256884862596e-05 
,,,,,,йх,9.366760178155778e-05 ,,жч,9.483855784508062e-05 ,,нв,3.1305947151647964e-05 ,,вх,3.2284258000136966e-05 
,,,,,,тц,9.366760178155778e-05 ,,ыж,9.483855784508062e-05 ,,шм,3.1305947151647964e-05 ,,жь,3.2284258000136966e-05 
,,,,,,щн,9.366760178155778e-05 ,,дг,9.483855784508062e-05 ,,тх,3.1305947151647964e-05 ,,эр,3.2284258000136966e-05 
,,,,,,дэ,9.132591173701885e-05 ,,гв,9.015517227248406e-05 ,,юж,2.9349325454669968e-05 ,,йл,3.1305947151647964e-05 
,,,,,,ыж,9.132591173701885e-05 ,,хч,8.898432587933491e-05 ,,йо,2.9349325454669968e-05 ,,ьи,3.1305947151647964e-05 
,,,,,,дч,9.132591173701885e-05 ,,дх,8.781347948618576e-05 ,,сф,2.9349325454669968e-05 ,, й,3.0327636303158966e-05 
,,,,,,юг,8.89842216924799e-05 ,,хэ,8.547178669988748e-05 ,,нф,2.9349325454669968e-05 ,,кц,3.0327636303158966e-05 
,,,,,,дг,8.89842216924799e-05 ,,тж,8.547178669988748e-05 ,,йл,2.9349325454669968e-05 ,,рб,2.9349325454669968e-05 
,,,,,,мж,8.89842216924799e-05 ,,вц,8.547178669988748e-05 ,,кд,2.9349325454669968e-05 ,,тф,2.9349325454669968e-05 
,,,,,,вц,8.89842216924799e-05 ,,хз,8.547178669988748e-05 ,,рб,2.9349325454669968e-05 ,,дэ,2.9349325454669968e-05 
,,,,,,дх,8.664253164794095e-05 ,,тц,8.547178669988748e-05 ,,лб,2.739270375769197e-05 ,,кд,2.8371014606180967e-05 
,,,,,,тж,8.4300841603402e-05 ,,юг,8.547178669988748e-05 ,,дэ,2.739270375769197e-05 ,,рф,2.8371014606180967e-05 
,,,,,,сз,8.4300841603402e-05 ,,щн,8.547178669988748e-05 ,,кц,2.739270375769197e-05 ,,сф,2.739270375769197e-05 
,,,,,,жч,8.4300841603402e-05 ,,сш,8.31300939135892e-05 ,,пч,2.739270375769197e-05 ,,шм,2.739270375769197e-05 
,,,,,,рз,8.195915155886307e-05 ,,сз,8.195924752044005e-05 ,,э ,2.739270375769197e-05 ,,юй,2.641439290920297e-05 
,,,,,,кя,8.195915155886307e-05 ,,иф,8.195924752044005e-05 ,,тф,2.5436082060713973e-05 ,,лб,2.5436082060713973e-05 
,,,,,,иф,7.961746151432412e-05 ,,ыя,8.195924752044005e-05 ,,рр,2.5436082060713973e-05 ,,кк,2.5436082060713973e-05 
,,,,,,сш,7.727577146978517e-05 ,,мж,8.07884011272909e-05 ,,лп,2.5436082060713973e-05 ,,гч,2.445777121222497e-05 
,,,,,,хз,7.727577146978517e-05 ,,вж,8.07884011272909e-05 ,,эр,2.5436082060713973e-05 ,,шр,2.445777121222497e-05 
,,,,,,фл,7.727577146978517e-05 ,,рб,7.961755473414177e-05 ,,уф,2.5436082060713973e-05 ,,мэ,2.445777121222497e-05 
,,,,,,вж,7.727577146978517e-05 ,,дч,7.844670834099262e-05 ,,мь,2.5436082060713973e-05 ,,пч,2.445777121222497e-05 
,,,,,,ыя,7.493408142524622e-05 ,,кя,7.844670834099262e-05 ,,эв,2.3479460363735973e-05 ,,аа,2.445777121222497e-05 
,,,,,,тю,7.493408142524622e-05 ,,дз,7.727586194784347e-05 ,,аа,2.3479460363735973e-05 ,,рр,2.445777121222497e-05 
,,,,,,мх,7.493408142524622e-05 ,,гб,7.610501555469434e-05 ,,лш,2.3479460363735973e-05 ,,щь,2.3479460363735973e-05 
,,,,,,дз,7.493408142524622e-05 ,,йф,7.493416916154519e-05 ,,кк,2.3479460363735973e-05 ,,жг,2.2501149515246975e-05 
,,,,,,хч,7.259239138070729e-05 ,,эй,7.493416916154519e-05 ,,аэ,2.3479460363735973e-05 ,,тх,2.1522838666757977e-05 
,,,,,,рб,7.259239138070729e-05 ,,тю,7.376332276839604e-05 ,,зт,2.3479460363735973e-05 ,,йц,2.1522838666757977e-05 
,,,,,,юй,7.259239138070729e-05 ,,яш,7.376332276839604e-05 ,,сг,2.3479460363735973e-05 ,,эм,2.1522838666757977e-05 
,,,,,,тф,7.259239138070729e-05 ,,фл,7.25924763752469e-05 ,,сэ,2.1522838666757977e-05 ,,сэ,2.0544527818268976e-05 
,,,,,,йф,7.025070133616834e-05 ,,вх,7.25924763752469e-05 ,,дз,2.1522838666757977e-05 ,,лш,2.0544527818268976e-05 
,,,,,,зэ,7.025070133616834e-05 ,,тш,7.025078358894861e-05 ,,эм,2.1522838666757977e-05 ,,жр,2.0544527818268976e-05 
,,,,,,яш,7.025070133616834e-05 ,,ьж,7.025078358894861e-05 ,,пп,2.1522838666757977e-05 ,,рщ,2.0544527818268976e-05 
,,,,,,ыа,7.025070133616834e-05 ,,бэ,6.907993719579948e-05 ,,шр,2.1522838666757977e-05 ,,эв,2.0544527818268976e-05 
,,,,,,дш,7.025070133616834e-05 ,,мх,6.673824440950118e-05 ,,мэ,2.1522838666757977e-05 ,,хш,2.0544527818268976e-05 
,,,,,,бх,7.025070133616834e-05 ,,рз,6.673824440950118e-05 ,,дч,2.1522838666757977e-05 ,,нф,2.0544527818268976e-05 
,,,,,,бв,6.790901129162939e-05 ,,юй,6.673824440950118e-05 ,,бж,1.9566216969779978e-05 ,,аэ,2.0544527818268976e-05 
,,,,,,рц,6.790901129162939e-05 ,,юл,6.673824440950118e-05 ,,йц,1.9566216969779978e-05 ,,ф ,1.9566216969779978e-05 
,,,,,,лх,6.556732124709046e-05 ,,юш,6.556739801635205e-05 ,,яи,1.9566216969779978e-05 ,,цк,1.9566216969779978e-05 
,,,,,,гб,6.556732124709046e-05 ,,лх,6.556739801635205e-05 ,,гч,1.9566216969779978e-05 ,,уф,1.9566216969779978e-05 
,,,,,,бэ,6.322563120255151e-05 ,,рр,6.556739801635205e-05 ,,жг,1.9566216969779978e-05 ,,дч,1.9566216969779978e-05 
,,,,,,бм,6.322563120255151e-05 ,,тх,6.43965516232029e-05 ,,жр,1.9566216969779978e-05 ,,юл,1.858790612129098e-05 
,,,,,,сц,6.088394115801256e-05 ,,зэ,6.43965516232029e-05 ,,рщ,1.9566216969779978e-05 ,,бж,1.858790612129098e-05 
,,,,,,ьж,6.088394115801256e-05 ,,дш,6.322570523005375e-05 ,,щ ,1.760959527280198e-05 ,,пп,1.858790612129098e-05 
,,,,,,юх,6.088394115801256e-05 ,,бх,6.322570523005375e-05 ,,кш,1.760959527280198e-05 ,,яц,1.858790612129098e-05 
,,,,,,рр,6.088394115801256e-05 ,,бв,6.322570523005375e-05 ,,юл,1.760959527280198e-05 ,,яи,1.760959527280198e-05 
,,,,,,тх,5.854225111347362e-05 ,,кх,6.205485883690461e-05 ,,вб,1.760959527280198e-05 ,,юр,1.760959527280198e-05 
,,,,,,юш,5.854225111347362e-05 ,,йя,6.088401244375547e-05 ,,цк,1.760959527280198e-05 ,,ыя,1.760959527280198e-05 
,,,,,,вх,5.854225111347362e-05 ,,юх,5.854231965745718e-05 ,,ф ,1.760959527280198e-05 ,,дг,1.760959527280198e-05 
,,,,,,юу,5.854225111347362e-05 ,,тф,5.854231965745718e-05 ,,юр,1.5652973575823982e-05 ,,вг,1.663128442431298e-05 
,,,,,,кх,5.854225111347362e-05 ,,юэ,5.854231965745718e-05 ,,ыщ,1.5652973575823982e-05 ,,зт,1.663128442431298e-05 
,,,,,,шв,5.854225111347362e-05 ,,рц,5.854231965745718e-05 ,,хэ,1.5652973575823982e-05 ,,ьо,1.663128442431298e-05 
,,,,,,лш,5.620056106893467e-05 ,,юе,5.854231965745718e-05 ,,юг,1.5652973575823982e-05 ,,гт,1.663128442431298e-05 
,,,,,,йя,5.620056106893467e-05 ,,гт,5.7371473264308036e-05 ,,юв,1.5652973575823982e-05 ,,гс,1.663128442431298e-05 
,,,,,,юа,5.620056106893467e-05 ,,эк,5.7371473264308036e-05 ,,жж,1.5652973575823982e-05 ,,шп,1.5652973575823982e-05 
,,,,,,юл,5.620056106893467e-05 ,,кш,5.6200626871158895e-05 ,,ьг,1.5652973575823982e-05 ,,зз,1.5652973575823982e-05 
,,,,,,юэ,5.620056106893467e-05 ,,бм,5.502978047800975e-05 ,,шп,1.5652973575823982e-05 ,,юг,1.5652973575823982e-05 
,,,,,,кш,5.620056106893467e-05 ,,зч,5.3858934084860606e-05 ,,фф,1.5652973575823982e-05 ,,щ ,1.5652973575823982e-05 
,,,,,,хш,5.385887102439573e-05 ,,гз,5.3858934084860606e-05 ,,зз,1.5652973575823982e-05 ,,дз,1.5652973575823982e-05 
,,,,,,эк,5.385887102439573e-05 ,,ыа,5.3858934084860606e-05 ,,йз,1.5652973575823982e-05 ,,ыщ,1.4674662727334984e-05 
,,,,,,хэ,5.385887102439573e-05 ,,юу,5.3858934084860606e-05 ,,ьо,1.5652973575823982e-05 ,,кш,1.4674662727334984e-05 
,,,,,,нх,5.151718097985678e-05 ,,лш,5.2688087691711464e-05 ,,яц,1.5652973575823982e-05 ,,кз,1.4674662727334984e-05 
,,,,,,пь,5.151718097985678e-05 ,,нэ,5.2688087691711464e-05 ,,тг,1.3696351878845984e-05 ,,жж,1.4674662727334984e-05 
,,,,,,гз,5.151718097985678e-05 ,,нх,5.0346394905413175e-05 ,,яб,1.3696351878845984e-05 ,,эх,1.4674662727334984e-05 
,,,,,,кц,5.151718097985678e-05 ,,юа,5.0346394905413175e-05 ,,ыц,1.3696351878845984e-05 ,,юв,1.3696351878845984e-05 
,,,,,,фр,5.151718097985678e-05 ,,сц,5.0346394905413175e-05 ,,щь,1.3696351878845984e-05 ,,фы,1.3696351878845984e-05 
,,,,,,цк,5.151718097985678e-05 ,,хш,5.0346394905413175e-05 ,,фы,1.3696351878845984e-05 ,,яб,1.3696351878845984e-05 
,,,,,,юю,4.917549093531784e-05 ,,кц,5.0346394905413175e-05 ,,вг,1.3696351878845984e-05 ,,гв,1.2718041030356986e-05 
,,,,,,уф,4.917549093531784e-05 ,,шв,4.9175548512264034e-05 ,,гт,1.3696351878845984e-05 ,,хэ,1.2718041030356986e-05 
,,,,,,гт,4.917549093531784e-05 ,,мь,4.9175548512264034e-05 ,,дг,1.3696351878845984e-05 ,,ьг,1.2718041030356986e-05 
,,,,,,цс,4.917549093531784e-05 ,,пс,4.8004702119114886e-05 ,,чр,1.3696351878845984e-05 ,,вб,1.1739730181867987e-05 
,,,,,,тш,4.917549093531784e-05 ,,юя,4.8004702119114886e-05 ,,сз,1.1739730181867987e-05 ,,тг,1.1739730181867987e-05 
,,,,,,гм,4.683380089077889e-05 ,,цк,4.8004702119114886e-05 ,,хт,1.1739730181867987e-05 ,,цц,1.1739730181867987e-05 
,,,,,,мь,4.683380089077889e-05 ,,цс,4.6833855725965745e-05 ,,сщ,1.1739730181867987e-05 ,,йф,1.1739730181867987e-05 
,,,,,,пс,4.683380089077889e-05 ,,нл,4.6833855725965745e-05 ,,тщ,1.1739730181867987e-05 ,,нж,1.0761419333378989e-05 
,,,,,,яй,4.449211084623995e-05 ,,йц,4.5663009332816597e-05 ,,йф,1.1739730181867987e-05 ,,йз,1.0761419333378989e-05 
,,,,,,юе,4.449211084623995e-05 ,,пь,4.5663009332816597e-05 ,,ыя,1.1739730181867987e-05 ,,юа,1.0761419333378989e-05 
,,,,,,йц,4.449211084623995e-05 ,,сф,4.5663009332816597e-05 ,,кз,1.1739730181867987e-05 ,,чр,1.0761419333378989e-05 
,,,,,,эр,4.449211084623995e-05 ,,нж,4.4492162939667455e-05 ,,уц,1.1739730181867987e-05 ,,хт,1.0761419333378989e-05 
,,,,,,жп,4.449211084623995e-05 ,,фр,4.4492162939667455e-05 ,,фт,1.1739730181867987e-05 ,,яш,1.0761419333378989e-05 
,,,,,,сф,4.2150420801701e-05 ,,жп,4.4492162939667455e-05 ,,уэ,1.1739730181867987e-05 ,,кэ,1.0761419333378989e-05 
,,,,,,нл,4.2150420801701e-05 ,,юю,4.4492162939667455e-05 ,,жм,9.783108484889989e-06 ,,сщ,1.0761419333378989e-05 
,,,,,,шм,4.2150420801701e-05 ,,уф,4.3321316546518314e-05 ,,эг,9.783108484889989e-06 ,,пю,9.783108484889989e-06 
,,,,,,нж,3.980873075716206e-05 ,,яй,4.2150470153369166e-05 ,,жл,9.783108484889989e-06 ,,тщ,9.783108484889989e-06 
,,,,,,пч,3.980873075716206e-05 ,,рэ,4.0979623760220025e-05 ,,чв,9.783108484889989e-06 ,,ьф,9.783108484889989e-06 
,,,,,,пп,3.980873075716206e-05 ,,гч,3.9808777367070884e-05 ,,бт,9.783108484889989e-06 ,,фф,9.783108484889989e-06 
,,,,,,рэ,3.980873075716206e-05 ,,эр,3.8637930973921736e-05 ,,бц,9.783108484889989e-06 ,,жл,9.783108484889989e-06 
,,,,,,цн,3.980873075716206e-05 ,,жь,3.8637930973921736e-05 ,,цц,9.783108484889989e-06 ,,тз,9.783108484889989e-06 
,,,,,,жс,3.980873075716206e-05 ,,жс,3.7467084580772594e-05 ,,гс,9.783108484889989e-06 ,,рэ,9.783108484889989e-06 
,,,,,,нэ,3.980873075716206e-05 ,,яц,3.629623818762345e-05 ,,эс,9.783108484889989e-06 ,,фш,9.783108484889989e-06 
,,,,,,зч,3.746704071262311e-05 ,,ьф,3.629623818762345e-05 ,,тз,9.783108484889989e-06 ,,лэ,8.80479763640099e-06 
,,,,,,юя,3.746704071262311e-05 ,,рф,3.5125391794474305e-05 ,,рэ,9.783108484889989e-06 ,,эс,8.80479763640099e-06 
,,,,,,ьф,3.746704071262311e-05 ,,цн,3.3954545401325164e-05 ,,пю,9.783108484889989e-06 ,,фт,8.80479763640099e-06 
,,,,,,рщ,3.746704071262311e-05 ,,пч,3.3954545401325164e-05 ,,фш,9.783108484889989e-06 ,,ыц,8.80479763640099e-06 
,,,,,,мш,3.512535066808417e-05 ,,гм,3.278369900817602e-05 ,,ыи,9.783108484889989e-06 ,,сз,8.80479763640099e-06 
,,,,,,гч,3.512535066808417e-05 ,,шм,3.278369900817602e-05 ,,гв,9.783108484889989e-06 ,,гг,7.826486787911991e-06 
,,,,,,жь,3.512535066808417e-05 ,,мш,3.278369900817602e-05 ,,бз,9.783108484889989e-06 ,,лщ,7.826486787911991e-06 
,,,,,,яф,3.278366062354523e-05 ,,цп,3.278369900817602e-05 ,,ьщ,9.783108484889989e-06 ,,шц,7.826486787911991e-06 
,,,,,,цп,3.278366062354523e-05 ,,жг,3.1612852615026875e-05 ,,нж,7.826486787911991e-06 ,,бт,7.826486787911991e-06 
,,,,,,бж,3.278366062354523e-05 ,,пп,3.1612852615026875e-05 ,,мф,7.826486787911991e-06 ,,йв,7.826486787911991e-06 
,,,,,,эч,3.278366062354523e-05 ,,шр,3.1612852615026875e-05 ,,эш,7.826486787911991e-06 ,,бц,7.826486787911991e-06 
,,,,,,щь,3.278366062354523e-05 ,,хф,3.0442006221877733e-05 ,,мв,7.826486787911991e-06 ,,уц,7.826486787911991e-06 
,,,,,,жг,3.278366062354523e-05 ,,жр,3.0442006221877733e-05 ,,кж,7.826486787911991e-06 ,,эг,7.826486787911991e-06 
,,,,,,вф,3.278366062354523e-05 ,,нф,2.927115982872859e-05 ,,кэ,7.826486787911991e-06 ,,гм,7.826486787911991e-06 
,,,,,,эм,3.278366062354523e-05 ,,эч,2.927115982872859e-05 ,,фб,7.826486787911991e-06 ,,эш,7.826486787911991e-06 
,,,,,,хф,3.044197057900628e-05 ,,жв,2.927115982872859e-05 ,,гш,7.826486787911991e-06 ,,чв,7.826486787911991e-06 
,,,,,,хх,3.044197057900628e-05 ,,яф,2.927115982872859e-05 ,,лщ,7.826486787911991e-06 ,,бд,7.826486787911991e-06 
,,,,,,ыщ,3.044197057900628e-05 ,,щь,2.8100313435579447e-05 ,,юп,7.826486787911991e-06 ,,уэ,7.826486787911991e-06 
,,,,,,яц,3.044197057900628e-05 ,,лф,2.8100313435579447e-05 ,,эх,7.826486787911991e-06 ,,чл,6.848175939422992e-06 
,,,,,,шр,3.044197057900628e-05 ,,жт,2.8100313435579447e-05 ,,бд,7.826486787911991e-06 ,,мт,6.848175939422992e-06 
,,,,,,лф,2.8100280534467335e-05 ,,вф,2.8100313435579447e-05 ,,яш,7.826486787911991e-06 ,,ьщ,6.848175939422992e-06 
,,,,,,жр,2.8100280534467335e-05 ,,мф,2.6929467042430303e-05 ,,иу,7.826486787911991e-06 ,,фм,6.848175939422992e-06 
,,,,,,жт,2.575859048992839e-05 ,,жм,2.6929467042430303e-05 ,,чл,5.869865090933993e-06 ,,мв,6.848175939422992e-06 
,,,,,,уц,2.575859048992839e-05 ,,эм,2.5758620649281158e-05 ,,шц,5.869865090933993e-06 ,,зч,6.848175939422992e-06 
,,,,,,рф,2.575859048992839e-05 ,,нш,2.5758620649281158e-05 ,,гг,5.869865090933993e-06 ,,лх,6.848175939422992e-06 
,,,,,,мц,2.575859048992839e-05 ,,рщ,2.5758620649281158e-05 ,,фм,5.869865090933993e-06 ,,вщ,5.869865090933993e-06 
,,,,,,нш,2.575859048992839e-05 ,,эв,2.5758620649281158e-05 ,,бб,5.869865090933993e-06 ,,жб,5.869865090933993e-06 
,,,,,,шп,2.3416900445389445e-05 ,,хх,2.4587774256132017e-05 ,,гз,5.869865090933993e-06 ,,бю,5.869865090933993e-06 
,,,,,,хж,2.3416900445389445e-05 ,,шп,2.4587774256132017e-05 ,,хх,5.869865090933993e-06 ,,хг,5.869865090933993e-06 
,,,,,,нф,2.3416900445389445e-05 ,,хж,2.3416927862982872e-05 ,,зц,5.869865090933993e-06 ,,ыи,5.869865090933993e-06 
,,,,,,жм,2.3416900445389445e-05 ,,гг,2.3416927862982872e-05 ,,йп,5.869865090933993e-06 ,,хх,5.869865090933993e-06 
,,,,,,жв,2.3416900445389445e-05 ,,бж,2.3416927862982872e-05 ,,пц,5.869865090933993e-06 ,,кж,5.869865090933993e-06 
,,,,,,гг,2.3416900445389445e-05 ,,йщ,2.3416927862982872e-05 ,,бю,5.869865090933993e-06 ,,иу,5.869865090933993e-06 
,,,,,,йщ,2.3416900445389445e-05 ,,мц,2.2246081469833728e-05 ,,бш,5.869865090933993e-06 ,,бз,5.869865090933993e-06 
,,,,,,цд,2.10752104008505e-05 ,,чв,2.2246081469833728e-05 ,,мт,5.869865090933993e-06 ,,мф,5.869865090933993e-06 
,,,,,,мф,2.10752104008505e-05 ,,хя,2.2246081469833728e-05 ,,ьф,5.869865090933993e-06 ,,шэ,5.869865090933993e-06 
,,,,,,ьщ,2.10752104008505e-05 ,,жб,2.1075235076684583e-05 ,,мх,5.869865090933993e-06 ,,гш,4.891554242444994e-06 
,,,,,,эв,2.10752104008505e-05 ,,ыц,2.1075235076684583e-05 ,,кч,5.869865090933993e-06 ,,юп,4.891554242444994e-06 
,,,,,,бт,2.10752104008505e-05 ,,бд,1.9904388683535442e-05 ,,йв,5.869865090933993e-06 ,,жм,4.891554242444994e-06 
,,,,,,жж,1.8733520356311556e-05 ,,цд,1.9904388683535442e-05 ,,зч,5.869865090933993e-06 ,,эф,4.891554242444994e-06 
,,,,,,цц,1.8733520356311556e-05 ,,ыщ,1.9904388683535442e-05 ,,фч,5.869865090933993e-06 ,,бш,4.891554242444994e-06 
,,,,,,тщ,1.8733520356311556e-05 ,,уц,1.8733542290386297e-05 ,,хг,5.869865090933993e-06 ,,мц,4.891554242444994e-06 
,,,,,,лщ,1.8733520356311556e-05 ,,зш,1.8733542290386297e-05 ,,шэ,3.9132433939559955e-06 ,,фб,4.891554242444994e-06 
,,,,,,пв,1.8733520356311556e-05 ,,тщ,1.7562695897237153e-05 ,,эп,3.9132433939559955e-06 ,,гз,3.9132433939559955e-06 
,,,,,,чв,1.8733520356311556e-05 ,,гэ,1.7562695897237153e-05 ,,нх,3.9132433939559955e-06 ,,кч,3.9132433939559955e-06 
,,,,,,вщ,1.6391830311772614e-05 ,,эх,1.7562695897237153e-05 ,,мц,3.9132433939559955e-06 ,,ьп,3.9132433939559955e-06 
,,,,,,жл,1.6391830311772614e-05 ,,бт,1.7562695897237153e-05 ,,юц,3.9132433939559955e-06 ,,фч,3.9132433939559955e-06 
,,,,,,чп,1.6391830311772614e-05 ,,жж,1.7562695897237153e-05 ,,лх,3.9132433939559955e-06 ,,эп,3.9132433939559955e-06 
,,,,,,чр,1.6391830311772614e-05 ,,чс,1.639184950408801e-05 ,,жб,3.9132433939559955e-06 ,,юц,3.9132433939559955e-06 
,,,,,,фт,1.6391830311772614e-05 ,,цэ,1.639184950408801e-05 ,,эф,3.9132433939559955e-06 ,,лф,3.9132433939559955e-06 
,,,,,,зш,1.6391830311772614e-05 ,,фы,1.639184950408801e-05 ,,ьп,3.9132433939559955e-06 ,,йп,3.9132433939559955e-06 
,,,,,,бп,1.6391830311772614e-05 ,,чр,1.639184950408801e-05 ,,гм,3.9132433939559955e-06 ,,бб,3.9132433939559955e-06 
,,,,,,зх,1.6391830311772614e-05 ,,юф,1.5221003110938867e-05 ,,йе,3.9132433939559955e-06 ,,чм,3.9132433939559955e-06 
,,,,,,бд,1.6391830311772614e-05 ,,лщ,1.5221003110938867e-05 ,,лэ,3.9132433939559955e-06 ,,бг,3.9132433939559955e-06 
,,,,,,юц,1.4050140267233668e-05 ,,зх,1.5221003110938867e-05 ,,тж,3.9132433939559955e-06 ,,хь,3.9132433939559955e-06 
,,,,,,юф,1.4050140267233668e-05 ,,ьщ,1.5221003110938867e-05 ,,юа,3.9132433939559955e-06 ,,чч,2.9349325454669966e-06 
,,,,,,цб,1.4050140267233668e-05 ,,юц,1.4050156717789724e-05 ,,чм,3.9132433939559955e-06 ,,пш,2.9349325454669966e-06 
,,,,,,мю,1.4050140267233668e-05 ,,цц,1.4050156717789724e-05 ,,жс,3.9132433939559955e-06 ,,мх,2.9349325454669966e-06 
,,,,,,фф,1.4050140267233668e-05 ,,жл,1.4050156717789724e-05 ,,вж,1.9566216969779978e-06 ,,зц,2.9349325454669966e-06 
,,,,,,шц,1.4050140267233668e-05 ,,зф,1.4050156717789724e-05 ,,вщ,1.9566216969779978e-06 ,,нх,2.9349325454669966e-06 
,,,,,,цт,1.4050140267233668e-05 ,,чп,1.2879310324640579e-05 ,,яу,1.9566216969779978e-06 ,,нл,2.9349325454669966e-06 
,,,,,,эх,1.4050140267233668e-05 ,,вщ,1.2879310324640579e-05 ,,зс,1.9566216969779978e-06 ,,йе,2.9349325454669966e-06 
,,,,,,ыц,1.1708450222694723e-05 ,,сщ,1.2879310324640579e-05 ,,пз,1.9566216969779978e-06 ,,тж,2.9349325454669966e-06 
,,,,,,фм,1.1708450222694723e-05 ,,пв,1.2879310324640579e-05 ,,пш,1.9566216969779978e-06 ,,фс,2.9349325454669966e-06 
,,,,,,зф,1.1708450222694723e-05 ,,цб,1.2879310324640579e-05 ,,кю,1.9566216969779978e-06 ,,пц,2.9349325454669966e-06 
,,,,,,хя,1.1708450222694723e-05 ,,цт,1.1708463931491436e-05 ,,нб,1.9566216969779978e-06 ,,вж,2.9349325454669966e-06 
,,,,,,эг,1.1708450222694723e-05 ,,фф,1.1708463931491436e-05 ,,лр,1.9566216969779978e-06 ,,гы,2.9349325454669966e-06 
,,,,,,зц,1.1708450222694723e-05 ,,фш,1.1708463931491436e-05 ,,зш,1.9566216969779978e-06 ,,хц,1.9566216969779978e-06 
,,,,,,бб,1.1708450222694723e-05 ,,кф,1.1708463931491436e-05 ,,уу,1.9566216969779978e-06 ,,нм,1.9566216969779978e-06 
,,,,,,пю,1.1708450222694723e-05 ,,бб,1.1708463931491436e-05 ,,оа,1.9566216969779978e-06 ,,уу,1.9566216969779978e-06 
,,,,,,гэ,1.1708450222694723e-05 ,,бп,1.1708463931491436e-05 ,,хь,1.9566216969779978e-06 ,,ьх,1.9566216969779978e-06 
,,,,,,эс,1.1708450222694723e-05 ,,пю,1.1708463931491436e-05 ,,хч,1.9566216969779978e-06 ,,йг,1.9566216969779978e-06 
,,,,,,фы,1.1708450222694723e-05 ,,хц,1.0537617538342292e-05 ,,хк,1.9566216969779978e-06 ,,мз,1.9566216969779978e-06 
,,,,,,жэ,1.1708450222694723e-05 ,,шс,1.0537617538342292e-05 ,,бг,1.9566216969779978e-06 ,,тэ,1.9566216969779978e-06 
,,,,,,сщ,1.1708450222694723e-05 ,,эс,1.0537617538342292e-05 ,,ыу,1.9566216969779978e-06 ,,эя,1.9566216969779978e-06 
,,,,,,цр,1.1708450222694723e-05 ,,фт,1.0537617538342292e-05 ,,лф,1.9566216969779978e-06 ,,яу,1.9566216969779978e-06 
,,,,,,жб,9.366760178155778e-06 ,,кщ,1.0537617538342292e-05 ,,йх,1.9566216969779978e-06 ,,бч,1.9566216969779978e-06 
,,,,,,цг,9.366760178155778e-06 ,,цр,1.0537617538342292e-05 ,,юо,1.9566216969779978e-06 ,,оа,1.9566216969779978e-06 
,,,,,,цм,9.366760178155778e-06 ,,жз,1.0537617538342292e-05 ,,що,1.9566216969779978e-06 ,,зш,1.9566216969779978e-06 
,,,,,,чч,9.366760178155778e-06 ,,мю,1.0537617538342292e-05 ,,йа,1.9566216969779978e-06 ,,жс,1.9566216969779978e-06 
,,,,,,хц,9.366760178155778e-06 ,,шц,9.366771145193149e-06 ,,щм,1.9566216969779978e-06 ,,що,1.9566216969779978e-06 
,,,,,,бш,9.366760178155778e-06 ,,чл,9.366771145193149e-06 ,,щр,1.9566216969779978e-06 ,,щр,1.9566216969779978e-06 
,,,,,,фс,9.366760178155778e-06 ,,шэ,9.366771145193149e-06 ,,ьх,1.9566216969779978e-06 ,,вю,1.9566216969779978e-06 
,,,,,,кщ,9.366760178155778e-06 ,,эг,9.366771145193149e-06 ,,нм,1.9566216969779978e-06 ,,йя,9.783108484889989e-07 
,,,,,,кф,9.366760178155778e-06 ,,ыф,9.366771145193149e-06 ,,иэ,1.9566216969779978e-06 ,,йй,9.783108484889989e-07 
,,,,,,пд,9.366760178155778e-06 ,,гш,9.366771145193149e-06 ,,кь,1.9566216969779978e-06 ,,ьр,9.783108484889989e-07 
,,,,,,бг,9.366760178155778e-06 ,,жэ,9.366771145193149e-06 ,,цд,1.9566216969779978e-06 ,,гэ,9.783108484889989e-07 
,,,,,,бч,9.366760178155778e-06 ,,бц,9.366771145193149e-06 ,,йг,1.9566216969779978e-06 ,,щм,9.783108484889989e-07 
,,,,,,шс,9.366760178155778e-06 ,,бч,9.366771145193149e-06 ,,гы,1.9566216969779978e-06 ,,пз,9.783108484889989e-07 
,,,,,,шэ,9.366760178155778e-06 ,,эш,9.366771145193149e-06 ,,ьр,1.9566216969779978e-06 ,,жт,9.783108484889989e-07 
,,,,,,фш,9.366760178155778e-06 ,,фм,8.195924752044006e-06 ,,фс,1.9566216969779978e-06 ,,яа,9.783108484889989e-07 
,,,,,,гх,9.366760178155778e-06 ,,цз,8.195924752044006e-06 ,,бч,1.9566216969779978e-06 ,,хк,9.783108484889989e-07 
,,,,,,фч,9.366760178155778e-06 ,,фб,8.195924752044006e-06 ,,гэ,1.9566216969779978e-06 ,,чс,9.783108484889989e-07 
,,,,,,чс,9.366760178155778e-06 ,,бз,8.195924752044006e-06 ,,нэ,1.9566216969779978e-06 ,,кх,9.783108484889989e-07 
,,,,,,цч,7.025070133616834e-06 ,,бг,8.195924752044006e-06 ,,мз,1.9566216969779978e-06 ,,йх,9.783108484889989e-07 
,,,,,,эп,7.025070133616834e-06 ,,бш,7.025078358894862e-06 ,,,,,кю,9.783108484889989e-07 
,,,,,,гш,7.025070133616834e-06 ,,чч,7.025078358894862e-06 ,,,,,йа,9.783108484889989e-07 
,,,,,,бз,7.025070133616834e-06 ,,зц,7.025078358894862e-06 ,,,,,эз,9.783108484889989e-07 
,,,,,,эш,7.025070133616834e-06 ,,бю,7.025078358894862e-06 ,,,,,кп,9.783108484889989e-07 
,,,,,,чм,7.025070133616834e-06 ,,эп,5.854231965745718e-06 ,,,,,лр,9.783108484889989e-07 
,,,,,,жя,7.025070133616834e-06 ,,цг,5.854231965745718e-06 ,,,,,юо,9.783108484889989e-07 
,,,,,,лц,7.025070133616834e-06 ,,пд,5.854231965745718e-06 ,,,,,мш,9.783108484889989e-07 
,,,,,,эф,7.025070133616834e-06 ,,цч,5.854231965745718e-06 ,,,,,иэ,9.783108484889989e-07 
,,,,,,цэ,7.025070133616834e-06 ,,цл,5.854231965745718e-06 ,,,,,нэ,9.783108484889989e-07 
,,,,,,бц,7.025070133616834e-06 ,,лц,5.854231965745718e-06 ,,,,,пэ,9.783108484889989e-07 
,,,,,,цз,7.025070133616834e-06 ,,эф,5.854231965745718e-06 ,,,,,эб,9.783108484889989e-07 
,,,,,,жз,7.025070133616834e-06 ,,йю,5.854231965745718e-06 ,,,,,кь,9.783108484889989e-07 
,,,,,,ыф,7.025070133616834e-06 ,,цм,5.854231965745718e-06 ,,,,,зс,9.783108484889989e-07 
,,,,,,ця,7.025070133616834e-06 ,,гх,5.854231965745718e-06 ,,,,,ыу,9.783108484889989e-07 
,,,,,,фб,4.683380089077889e-06 ,,жх,4.683385572596574e-06 ,,,,,хч,9.783108484889989e-07 
,,,,,,зщ,4.683380089077889e-06 ,,чг,4.683385572596574e-06 ,,,,,цд,9.783108484889989e-07 
,,,,,,мщ,4.683380089077889e-06 ,,пг,4.683385572596574e-06 ,,,,,нб,9.783108484889989e-07 
,,,,,,бю,4.683380089077889e-06 ,,фч,4.683385572596574e-06 ,,,,,фн,9.783108484889989e-07 
,,,,,,ыю,4.683380089077889e-06 ,,фс,4.683385572596574e-06 ,,,,,фь,9.783108484889989e-07 
,,,,,,кю,4.683380089077889e-06 ,,чм,4.683385572596574e-06 ,,,,,цн,9.783108484889989e-07 
,,,,,,йю,4.683380089077889e-06 ,,хь,4.683385572596574e-06 ,,,,,,
,,,,,,чг,4.683380089077889e-06 ,,ця,3.512539179447431e-06 ,,,,,,
,,,,,,пц,4.683380089077889e-06 ,,жя,3.512539179447431e-06 ,,,,,,
,,,,,,цл,4.683380089077889e-06 ,,пм,3.512539179447431e-06 ,,,,,,
,,,,,,шб,2.3416900445389445e-06 ,,щв,3.512539179447431e-06 ,,,,,,
,,,,,,дф,2.3416900445389445e-06 ,,вю,3.512539179447431e-06 ,,,,,,
,,,,,,щр,2.3416900445389445e-06 ,,щр,3.512539179447431e-06 ,,,,,,
,,,,,,фн,2.3416900445389445e-06 ,,чз,3.512539179447431e-06 ,,,,,,
,,,,,,чз,2.3416900445389445e-06 ,,кю,3.512539179447431e-06 ,,,,,,
,,,,,,пг,2.3416900445389445e-06 ,,цх,3.512539179447431e-06 ,,,,,,
,,,,,,эо,2.3416900445389445e-06 ,,пз,3.512539179447431e-06 ,,,,,,
,,,,,,ээ,2.3416900445389445e-06 ,,пэ,3.512539179447431e-06 ,,,,,,
,,,,,,щв,2.3416900445389445e-06 ,,мщ,3.512539179447431e-06 ,,,,,,
,,,,,,пм,2.3416900445389445e-06 ,,пц,3.512539179447431e-06 ,,,,,,
,,,,,,жш,2.3416900445389445e-06 ,,гы,3.512539179447431e-06 ,,,,,,
,,,,,,гф,2.3416900445389445e-06 ,,жш,3.512539179447431e-06 ,,,,,,
,,,,,,вю,2.3416900445389445e-06 ,,фн,3.512539179447431e-06 ,,,,,,
,,,,,,шя,2.3416900445389445e-06 ,,гя,3.512539179447431e-06 ,,,,,,
,,,,,,эб,2.3416900445389445e-06 ,,зщ,3.512539179447431e-06 ,,,,,,
,,,,,,що,2.3416900445389445e-06 ,,гф,3.512539179447431e-06 ,,,,,,
,,,,,,пш,2.3416900445389445e-06 ,,пш,3.512539179447431e-06 ,,,,,,
,,,,,,шд,2.3416900445389445e-06 ,,що,3.512539179447431e-06 ,,,,,,
,,,,,,пб,2.3416900445389445e-06 ,,щп,2.341692786298287e-06 ,,,,,,
,,,,,,гж,2.3416900445389445e-06 ,,чэ,2.341692786298287e-06 ,,,,,,
,,,,,,фь,2.3416900445389445e-06 ,,пб,2.341692786298287e-06 ,,,,,,
,,,,,,жх,2.3416900445389445e-06 ,,эя,2.341692786298287e-06 ,,,,,,
,,,,,,чд,2.3416900445389445e-06 ,,шд,2.341692786298287e-06 ,,,,,,
,,,,,,хь,2.3416900445389445e-06 ,,фп,2.341692786298287e-06 ,,,,,,
,,,,,,фк,2.3416900445389445e-06 ,,дф,2.341692786298287e-06 ,,,,,,
,,,,,,цх,2.3416900445389445e-06 ,,дщ,2.341692786298287e-06 ,,,,,,
,,,,,,щп,2.3416900445389445e-06 ,,ээ,2.341692786298287e-06 ,,,,,,
,,,,,,кь,2.3416900445389445e-06 ,,гц,2.341692786298287e-06 ,,,,,,
,,,,,,пз,2.3416900445389445e-06 ,,гж,2.341692786298287e-06 ,,,,,,
,,,,,,чл,2.3416900445389445e-06 ,,шб,2.341692786298287e-06 ,,,,,,
,,,,,,фп,2.3416900445389445e-06 ,,фк,2.341692786298287e-06 ,,,,,,
,,,,,,фв,2.3416900445389445e-06 ,,ыю,2.341692786298287e-06 ,,,,,,
,,,,,,гя,2.3416900445389445e-06 ,,эб,2.341692786298287e-06 ,,,,,,
,,,,,,,,,щк,2.341692786298287e-06 ,,,,,,
,,,,,,,,,йй,1.1708463931491436e-06 ,,,,,,
,,,,,,,,,эз,1.1708463931491436e-06 ,,,,,,
,,,,,,,,,фэ,1.1708463931491436e-06 ,,,,,,
,,,,,,,,,цш,1.1708463931491436e-06 ,,,,,,
,,,,,,,,,шж,1.1708463931491436e-06 ,,,,,,
,,,,,,,,,фв,1.1708463931491436e-06 ,,,,,,
,,,,,,,,,щш,1.1708463931491436e-06 ,,,,,,
,,,,,,,,,чб,1.1708463931491436e-06 ,,,,,,
,,,,,,,,,щм,1.1708463931491436e-06 ,,,,,,
,,,,,,,,,шз,1.1708463931491436e-06 ,,,,,,
,,,,,,,,,хщ,1.1708463931491436e-06 ,,,,,,
,,,,,,,,,кь,1.1708463931491436e-06 ,,,,,,
,,,,,,,,,эо,1.1708463931491436e-06 ,,,,,,
,,,,,,,,,фь,1.1708463931491436e-06 ,,,,,,
,,,,,,,,,чд,1.1708463931491436e-06 ,,,,,,
,,,,,,,,,шя,1.1708463931491436e-06 ,,,,,,
,,,,,,,,,щб,1.1708463931491436e-06 ,,,,,,
